Player,Age,Tm,Pos,GP,G,A,PTS,+/-,PIM,PS,EV,PP,SH,GW,EV.1,PP.1,SH.1,S,TOI,ATOI,BLK,HIT,FOW,FOL
Justin Abdelkader\abdelju01,23,DET,LW,74,7,12,19,15,61,1.7,7,0,0,1,11,0,1,129,910,12:18,39,188,227,203
Luke Adam\adamlu01,20,BUF,LW,19,3,1,4,-6,12,0.1,3,0,0,1,0,1,0,31,213,11:13,5,17,41,78
Craig Adams\adamscr01,33,PIT,RW,80,4,11,15,-5,76,0.2,2,0,2,1,9,0,2,90,975,12:11,64,171,194,271
Andrew Alberts\alberan01,29,VAN,D,42,1,6,7,0,41,1.5,1,0,0,0,6,0,0,21,637,15:10,49,113,0,0
Daniel Alfredsson\alfreda01,38,OTT,RW,54,14,17,31,-19,18,2.7,7,7,0,1,12,5,0,96,1041,19:17,21,41,2,10
Bryan Allen\allenbr01,30,TOT,D,72,4,13,17,-1,82,3.8,4,0,0,1,13,0,0,58,1319,18:19,103,118,0,0
Cody Almond\almonco01,21,MIN,C,8,0,0,0,0,2,-0.1,0,0,0,0,0,0,0,3,56,7:02,3,11,13,19
Karl Alzner\alzneka01,22,WSH,D,82,2,10,12,14,24,4.6,2,0,0,0,10,0,0,64,1641,20:01,130,98,0,0
Jonas Andersson\anderjo02,29,VAN,RW,4,0,0,0,1,0,0,0,0,0,0,0,0,0,1,24,6:03,1,3,0,0
Artem Anisimov\anisiar01,22,NYR,C,82,18,26,44,3,20,4.8,15,3,0,2,21,5,0,190,1329,16:12,45,74,306,382
Nik Antropov\antroni01,30,ATL,C,76,16,25,41,-17,42,3.5,11,5,0,2,14,11,0,105,1189,15:39,38,61,260,273
Colby Armstrong\armstco01,28,TOR,RW,50,8,15,23,-1,38,1.9,8,0,0,0,15,0,0,69,806,16:07,28,88,3,5
Jamie Arniel\arnieja01,21,BOS,C,1,0,0,0,-1,0,-0.1,0,0,0,0,0,0,0,3,12,12:26,0,0,0,0
Jason Arnott\arnotja01,36,TOT,C,73,17,14,31,-6,40,3.6,13,4,0,1,10,4,0,169,1133,15:31,11,42,449,445
Arron Asham\ashamar01,32,PIT,RW,44,5,6,11,0,46,1,5,0,0,0,6,0,0,60,420,9:33,16,107,3,6
Adrian Aucoin\aucoiad01,37,PHX,D,75,3,19,22,18,52,5.2,3,0,0,0,17,2,0,99,1625,21:40,75,134,1,0
Keith Aucoin\aucoike01,32,WSH,C,1,0,0,0,0,0,0,0,0,0,0,0,0,0,0,12,11:47,0,1,1,2
Keith Aulie\aulieke01,21,TOR,D,40,2,0,2,-1,32,1.1,2,0,0,0,0,0,0,32,765,19:08,74,98,0,0
Sean Avery\averyse01,30,NYR,C,76,3,21,24,-4,174,1.4,3,0,0,1,20,1,0,137,854,11:14,24,115,15,9
Anton Babchuk\babchan01,26,TOT,D,82,11,24,35,14,32,7.3,4,6,1,2,16,7,1,132,1340,16:21,154,19,0,0
David Backes\backeda01,26,STL,RW,82,31,31,62,32,93,8.8,26,5,0,2,20,10,1,211,1616,19:42,40,213,506,632
Mikael Backlund\backlmi01,21,CGY,C,73,10,15,25,4,18,2.4,8,2,0,1,12,2,1,144,882,12:05,19,35,319,345
Nicklas Backstrom\backsni02,23,WSH,C,77,18,47,65,24,40,7.5,13,4,1,2,29,18,0,202,1586,20:36,62,68,679,619
Drew Bagnall\bagnadr01,27,MIN,D,2,0,0,0,-2,4,-0.1,0,0,0,0,0,0,0,1,26,13:01,1,0,0,0
Josh Bailey\bailejo01,21,NYI,C,70,11,17,28,-13,37,1.6,6,5,0,2,10,4,3,102,1248,17:50,41,47,273,342
Keith Ballard\ballake01,28,VAN,D,65,2,5,7,10,53,2.8,2,0,0,0,5,0,0,53,1034,15:54,111,99,0,0
Krys Barch\barchkr01,30,DAL,RW,44,2,1,3,-7,80,-0.1,2,0,0,0,1,0,0,16,230,5:13,2,53,2,2
Cam Barker\barkeca01,24,MIN,D,52,1,4,5,-10,34,0.9,1,0,0,1,2,2,0,44,853,16:24,61,68,0,0
Matt Bartkowski\bartkma01,22,BOS,D,6,0,0,0,-1,4,-0.1,0,0,0,0,0,0,0,2,55,9:10,2,4,0,0
Oskars Bartulis\bartuos01,24,PHI,D,13,0,0,0,-4,4,-0.3,0,0,0,0,0,0,0,7,169,13:01,13,8,0,0
Cody Bass\bassco01,24,OTT,C,1,0,0,0,0,0,0,0,0,0,0,0,0,0,0,7,7:09,1,3,0,0
Jay Beagle\beaglja01,25,WSH,C,31,2,1,3,-2,8,-0.1,2,0,0,2,1,0,0,27,326,10:30,8,45,58,47
Francois Beauchemin\beaucfr01,30,TOT,D,81,5,12,17,-8,32,3.6,4,1,0,0,10,2,0,106,1869,23:04,182,122,0,1
Steve Begin\beginst01,32,NSH,C,2,0,0,0,-2,4,-0.1,0,0,0,0,0,0,0,2,20,9:49,0,5,0,0
Wade Belak\belakwa01,34,NSH,D,15,0,0,0,-1,18,0,0,0,0,0,0,0,0,4,57,3:47,2,20,0,0
Eric Belanger\belaner01,33,PHX,C,82,13,27,40,11,36,3.5,11,1,1,2,23,4,0,127,1422,17:21,45,71,717,580
Matt Beleskey\belesma01,22,ANA,LW,35,3,7,10,-10,36,0.2,3,0,0,0,6,0,1,58,454,12:59,20,64,3,5
Shawn Belle\bellesh01,26,TOT,D,9,0,0,0,-1,2,0,0,0,0,0,0,0,0,8,154,17:09,4,9,0,0
Jamie Benn\bennja01,21,DAL,LW,69,22,34,56,-5,52,6.3,12,6,4,3,27,5,2,177,1243,18:01,41,124,84,111
Andre Benoit\benoian01,27,OTT,D,8,0,1,1,-1,6,0.2,0,0,0,0,0,1,0,17,135,16:50,12,5,0,0
Sean Bergenheim\bergese01,26,TBL,LW,80,14,15,29,0,56,2.8,12,2,0,1,13,2,0,182,1118,13:59,37,109,25,26
Marc-Andre Bergeron\bergema02,30,TBL,D,23,2,6,8,-10,8,0.6,2,0,0,1,3,3,0,37,329,14:19,18,6,0,0
Patrice Bergeron\bergepa01,25,BOS,C,80,22,35,57,20,26,6.7,17,3,2,4,26,8,1,211,1431,17:53,56,45,815,624
Niclas Bergfors\bergfni01,23,TOT,RW,72,12,24,36,-9,8,3.1,9,3,0,1,18,6,0,152,1062,14:45,13,12,4,5
Patrik Berglund\berglpa01,22,STL,C,81,22,30,52,-3,26,5.6,14,8,0,1,20,9,1,175,1392,17:11,33,116,450,524
Steve Bernier\bernist01,25,FLA,RW,68,5,10,15,-14,21,0.2,2,3,0,0,10,0,0,97,886,13:02,35,112,4,13
Todd Bertuzzi\bertuto01,35,DET,RW,81,16,29,45,-7,71,3.8,14,2,0,2,24,5,0,138,1293,15:57,21,110,18,22
Blair Betts\bettsbl01,30,PHI,C,75,5,7,12,-3,8,0.1,4,0,1,2,6,0,1,51,784,10:27,72,82,411,406
Bryan Bickell\bickebr01,24,CHI,LW,78,17,20,37,6,40,4.1,15,2,0,2,19,1,0,130,1079,13:50,13,178,3,9
Kevin Bieksa\biekske01,29,VAN,D,66,6,16,22,32,73,7.2,5,1,0,2,14,2,0,105,1483,22:28,93,104,0,0
Paul Bissonnette\bissopa01,25,PHX,LW,48,1,0,1,6,71,0,1,0,0,0,0,0,0,18,252,5:15,5,122,2,1
Jason Blake\blakeja01,37,ANA,C,76,16,16,32,-5,41,3.1,13,3,0,3,12,4,0,187,1122,14:46,27,76,1,4
Mario Bliznak\bliznma01,23,VAN,C,4,1,0,1,1,0,0.2,1,0,0,0,0,0,0,1,26,6:37,1,2,7,14
Jonathon Blum\blumjo02,22,NSH,D,23,3,5,8,8,8,2.4,2,1,0,1,5,0,0,18,408,17:45,36,20,0,0
Mike Blunden\blundmi01,24,CBJ,RW,1,0,0,0,-1,0,-0.1,0,0,0,0,0,0,0,2,11,10:31,0,6,5,5
Troy Bodie\bodietr01,26,TOT,RW,59,1,3,4,-7,61,-0.5,1,0,0,0,3,0,0,44,403,6:50,13,86,0,1
Mikkel Boedker\boedkmi01,21,PHX,LW,34,4,10,14,11,8,1.7,4,0,0,0,8,2,0,39,371,10:54,6,42,3,2
Zach Bogosian\bogosza01,20,ATL,D,71,5,12,17,-27,29,1.5,5,0,0,1,8,4,0,155,1591,22:24,89,111,0,0
Alexandre Bolduc\boldual01,25,VAN,C,24,2,2,4,1,21,0.4,2,0,0,1,2,0,0,21,178,7:26,14,29,44,53
Jared Boll\bollja01,24,CBJ,RW,73,7,5,12,-2,182,0.9,7,0,0,2,5,0,0,66,560,7:40,18,144,0,6
Dave Bolland\bollada01,24,CHI,C,61,15,22,37,11,34,4.1,11,4,0,1,14,8,0,102,1076,17:39,35,41,455,553
Nick Bonino\boninni01,22,ANA,C,26,0,0,0,-3,4,-0.6,0,0,0,0,0,0,0,23,255,9:48,10,18,78,88
Derek Boogaard\boogade01,28,NYR,LW,22,1,1,2,0,45,0.2,1,0,0,0,1,0,0,4,100,4:33,3,27,0,0
David Booth\boothda01,26,FLA,LW,82,23,17,40,-31,26,3.1,15,8,0,3,15,2,0,280,1550,18:54,25,129,24,24
Pierre-Marc Bouchard\bouchpi02,26,MIN,C,59,12,26,38,-3,14,3.8,12,0,0,2,16,10,0,98,927,15:43,10,15,17,26
Francis Bouillon\bouilfr01,35,NSH,D,44,1,9,10,-3,27,2,1,0,0,0,7,2,0,47,890,20:14,51,133,0,0
Eric Boulton\boulter01,34,ATL,LW,69,6,4,10,1,87,0.7,6,0,0,1,4,0,0,51,618,8:57,19,92,0,3
Lance Bouma\boumala01,20,CGY,C,16,0,1,1,-1,2,-0.1,0,0,0,0,1,0,0,9,94,5:52,6,15,0,3
Rene Bourque\bourqre01,29,CGY,LW,80,27,23,50,-17,42,5.1,20,6,1,6,12,9,2,218,1420,17:45,26,90,7,17
Jay Bouwmeester\bouwmja01,27,CGY,D,82,4,20,24,-2,44,4.6,3,1,0,1,13,7,0,121,2131,25:59:00,134,72,0,0
Drayson Bowman\bowmadr01,21,CAR,C,23,0,1,1,0,12,-0.3,0,0,0,0,1,0,0,28,226,9:49,9,23,0,0
Darryl Boyce\boyceda01,26,TOR,C,46,5,8,13,8,33,1.4,5,0,0,1,8,0,0,27,524,11:23,19,68,212,245
Johnny Boychuk\boychjo01,27,BOS,D,69,3,13,16,15,45,3.9,2,1,0,1,12,1,0,154,1415,20:30,115,117,0,0
Zach Boychuk\boychza01,21,CAR,C,23,4,3,7,-2,4,0.7,3,1,0,1,3,0,0,44,247,10:43,6,50,1,4
Dustin Boyd\boyddu01,24,MTL,C,10,1,0,1,-6,2,-0.2,1,0,0,0,0,0,0,8,98,9:50,6,12,23,32
Brad Boyes\boyesbr01,28,TOT,C,83,17,38,55,13,36,6,11,6,0,3,31,7,0,178,1410,17:00,33,67,136,184
Brian Boyle\boylebr01,26,NYR,C,82,21,14,35,2,74,4.2,16,4,1,2,11,0,3,218,1291,15:44,86,240,534,567
Dan Boyle\boyleda01,34,SJS,D,76,9,41,50,2,67,8.3,5,4,0,2,18,23,0,199,1994,26:14:00,139,55,0,2
Nick Boynton\boyntni01,32,TOT,D,51,1,7,8,-1,40,1.4,1,0,0,0,7,0,0,43,747,14:39,87,61,0,0
Tyler Bozak\bozakty01,24,TOR,C,82,15,17,32,-29,14,1.1,8,6,1,4,12,5,0,120,1581,19:17,48,85,787,654
Matt Bradley\bradlma01,32,WSH,RW,61,4,7,11,-3,68,0.5,4,0,0,0,7,0,0,58,640,10:29,15,156,4,6
Derick Brassard\brassde01,23,CBJ,C,74,17,30,47,-11,55,4.1,11,6,0,3,20,10,0,183,1260,17:02,14,121,414,474
Justin Braun\braunju01,23,SJS,D,28,2,9,11,-1,2,1.7,0,2,0,0,9,0,0,44,462,16:30,21,27,0,0
Tim Brent\brentti01,26,TOR,C,79,8,12,20,-4,33,1.3,7,0,1,1,7,4,1,60,920,11:39,58,104,410,378
Eric Brewer\breweer01,31,TOT,D,76,9,7,16,6,81,4.7,9,0,0,1,7,0,0,110,1675,22:03,120,145,0,0
Daniel Briere\brierda01,33,PHI,C,77,34,34,68,20,87,9.3,28,6,0,6,25,9,0,246,1410,18:19,17,36,395,425
T.J. Brodie\broditj01,20,CGY,D,3,0,0,0,-3,2,-0.2,0,0,0,0,0,0,0,1,48,16:00,4,2,0,0
Kyle Brodziak\brodzky01,26,MIN,C,80,16,21,37,-4,56,3.6,13,2,1,1,16,2,3,126,1262,15:47,55,52,532,556
Sheldon Brookbank\brooksh01,30,ANA,D,40,0,0,0,-8,63,-0.1,0,0,0,0,0,0,0,29,533,13:20,37,54,0,0
Evan Brophey\brophev01,24,CHI,C,1,0,0,0,0,0,0,0,0,0,0,0,0,0,1,7,7:09,1,3,4,1
Troy Brouwer\brouwtr01,25,CHI,RW,79,17,19,36,-2,38,3.5,10,7,0,5,13,6,0,122,1193,15:06,36,262,12,13
Dustin Brown\browndu01,26,LAK,RW,82,28,29,57,17,67,7.5,21,7,0,2,21,8,0,228,1588,19:22,29,300,18,19
Mike Brown\brownmi02,25,TOR,RW,50,3,5,8,1,69,0.3,2,1,0,0,4,0,1,59,505,10:06,27,105,4,11
Gilbert Brule\brulegi01,24,EDM,C,41,7,2,9,-7,41,0.4,6,1,0,1,2,0,0,72,565,13:48,16,95,106,93
Andrew Brunette\brunean01,37,MIN,LW,82,18,28,46,-7,16,4.5,10,8,0,3,18,10,0,117,1378,16:48,31,27,7,11
Adam Burish\burisad01,28,DAL,C,63,8,6,14,2,91,1,8,0,0,1,6,0,0,89,904,14:21,70,77,255,222
Alexander Burmistrov\burmial01,19,ATL,C,74,6,14,20,-12,27,0.6,6,0,0,2,13,0,1,92,978,13:13,22,62,282,401
Brent Burns\burnsbr01,25,MIN,D,80,17,29,46,-10,98,8.6,9,8,0,3,22,6,1,170,2004,25:03:00,106,133,1,1
Alexandre Burrows\burroal01,29,VAN,LW,72,26,22,48,26,77,6.9,24,1,1,4,21,0,1,152,1226,17:02,24,84,6,8
Bobby Butler\butlebo01,23,OTT,LW,36,10,11,21,-16,10,2,9,1,0,3,7,4,0,73,555,15:26,15,28,0,2
Chris Butler\butlech01,24,BUF,D,49,2,7,9,8,26,2.5,2,0,0,0,6,1,0,52,890,18:10,56,38,0,0
Dustin Byfuglien\byfugdu01,25,ATL,D,81,20,33,53,-2,93,9.6,12,8,0,6,17,16,0,347,1888,23:18,71,138,0,0
Paul Byron\byronpa01,21,BUF,C,8,1,1,2,0,2,0.2,1,0,0,0,1,0,0,5,88,10:57,2,18,29,42
Joe Callahan\callajo02,28,FLA,D,27,0,1,1,-1,12,0.6,0,0,0,0,1,0,0,21,429,15:53,36,46,0,0
Ryan Callahan\callary01,25,NYR,RW,60,23,25,48,-7,46,5.6,13,10,0,5,18,5,2,179,1194,19:54,77,224,2,15
Matt Calvert\calvema01,21,CBJ,LW,42,11,9,20,3,12,2.6,8,3,0,1,8,1,0,50,466,11:06,8,51,3,6
Mike Cammalleri\cammami01,28,MTL,C,67,19,28,47,2,33,5.4,12,7,0,2,14,14,0,193,1238,18:29,19,17,33,41
Matt Campanale\campama01,22,NYI,D,1,0,0,0,0,2,0,0,0,0,0,0,0,0,0,8,8:21,0,0,0,0
Brian Campbell\campbbr02,31,CHI,D,65,5,22,27,28,6,6.9,3,2,0,1,18,4,0,84,1494,22:59,101,28,0,0
Gregory Campbell\campbgr01,27,BOS,C,80,13,16,29,11,93,3,11,1,1,1,12,1,3,98,1075,13:26,52,119,430,402
Chris Campoli\campoch01,26,TOT,D,77,4,17,21,0,36,4.7,3,1,0,1,16,1,0,84,1474,19:08,91,99,0,0
Luca Caputi\caputlu01,22,TOR,LW,7,0,0,0,-2,4,-0.2,0,0,0,0,0,0,0,8,77,11:04,0,7,2,4
Daniel Carcillo\carcida01,26,PHI,LW,57,4,2,6,-14,127,-0.4,4,0,0,2,2,0,0,56,443,7:46,14,80,1,1
Matt Carkner\carknma01,30,OTT,D,50,1,6,7,0,136,2,1,0,0,0,5,0,1,40,744,14:53,59,71,0,0
Matt Carle\carlema01,26,PHI,D,82,1,39,40,30,23,7.7,1,0,0,0,37,2,0,117,1803,21:59,157,51,0,0
John Carlson\carlsjo01,21,WSH,D,82,7,30,37,21,44,8.8,6,1,0,3,25,5,0,144,1857,22:39,158,70,0,0
Jordan Caron\caronjo01,20,BOS,RW,23,3,4,7,3,6,0.7,3,0,0,1,4,0,0,27,291,12:40,11,19,1,6
Brett Carson\carsobr01,25,TOT,D,19,0,0,0,9,4,0.9,0,0,0,0,0,0,0,12,217,11:27,11,19,0,0
Jeff Carter\carteje01,26,PHI,C,80,36,30,66,27,39,9.5,28,8,0,7,21,9,0,335,1460,18:15,41,65,331,274
Ryan Carter\cartery01,27,TOT,C,62,3,6,9,-1,66,0.2,3,0,0,0,5,0,1,63,621,10:01,22,133,242,236
Zdeno Chara\charazd01,33,BOS,D,81,14,30,44,33,88,10,5,8,1,2,22,7,1,264,2060,25:26:00,111,153,0,0
Jason Chimera\chimeja01,31,WSH,LW,81,10,16,26,-10,64,1.8,8,2,0,1,15,1,0,162,1074,13:15,16,97,20,19
Kyle Chipchura\chipcky01,24,ANA,C,40,0,2,2,1,32,-0.3,0,0,0,0,2,0,0,23,320,8:00,10,30,132,151
Taylor Chorney\chornta01,23,EDM,D,12,1,3,4,-5,4,0.3,0,1,0,1,1,2,0,13,192,15:59,17,13,0,0
Erik Christensen\chriser01,27,NYR,C,63,11,16,27,3,18,3,7,4,0,1,13,3,0,86,804,12:46,11,34,316,323
Brett Clark\clarkbr01,34,TBL,D,82,9,22,31,2,14,6,3,6,0,1,11,11,0,87,1548,18:53,157,117,0,0
Chris Clark\clarkch01,34,CBJ,RW,53,5,10,15,-3,38,0.6,3,2,0,0,9,0,1,83,776,14:39,9,89,3,13
David Clarkson\clarkda03,26,NJD,RW,82,12,6,18,-20,116,1.1,11,1,0,1,5,1,0,192,1117,13:37,19,170,19,26
Dan Cleary\clearda01,32,DET,LW,68,26,20,46,-1,20,5.6,21,5,0,8,17,3,0,192,1131,16:38,25,112,35,56
Kyle Clifford\cliffky01,20,LAK,LW,76,7,7,14,-10,141,0.8,7,0,0,0,7,0,0,69,722,9:30,17,138,8,7
Grant Clitsome\clitsgr01,25,CBJ,D,31,4,15,19,2,16,3.2,2,2,0,0,7,8,0,50,659,21:16,29,67,0,0
Ryane Clowe\clowery01,28,SJS,LW,75,24,38,62,13,100,7.5,19,5,0,2,30,8,0,185,1347,17:58,22,153,17,24
Cal Clutterbuck\cluttca01,23,MIN,RW,76,19,15,34,-5,79,3.6,15,4,0,3,13,1,1,191,1204,15:51,32,336,3,8
Braydon Coburn\coburbr01,25,PHI,D,82,2,14,16,15,53,3.8,2,0,0,0,13,0,1,114,1728,21:04,133,177,0,0
Andrew Cogliano\coglian01,23,EDM,C,82,11,24,35,-12,64,2,10,0,1,3,17,5,2,129,1415,17:15,46,89,461,647
Colby Cohen\cohenco01,21,COL,D,3,0,0,0,-1,4,0,0,0,0,0,0,0,0,2,53,17:44,3,4,0,0
Carlo Colaiacovo\colaica01,28,STL,D,65,6,20,26,-4,23,4.2,5,1,0,1,10,10,0,81,1179,18:08,79,75,0,0
Joe Colborne\colbojo01,21,TOR,C,1,0,1,1,1,0,0.1,0,0,0,0,1,0,0,1,19,18:41,1,0,3,6
Erik Cole\coleer01,32,CAR,LW,82,26,26,52,-1,49,5.9,22,3,1,9,20,5,1,201,1514,18:27,34,223,7,27
Ian Cole\coleia01,21,STL,D,26,1,3,4,6,35,1.4,1,0,0,0,3,0,0,22,458,17:36,37,36,0,0
Sean Collins\collise01,27,WSH,D,4,1,0,1,2,0,0.5,1,0,0,1,0,0,0,4,59,14:45,4,2,0,0
Jeremy Colliton\collije01,26,NYI,C,15,2,1,3,-7,10,-0.1,0,2,0,0,1,0,0,7,178,11:53,9,23,52,32
Blake Comeau\comeabl01,24,NYI,RW,77,24,22,46,-17,43,4.6,18,5,1,3,15,7,0,182,1439,18:41,32,118,34,77
Mike Commodore\commomi01,31,CBJ,D,20,2,4,6,-8,44,0.5,2,0,0,2,1,2,1,32,371,18:34,25,38,0,1
Mike Comrie\comrimi01,30,PIT,C,21,1,5,6,-4,18,0.2,1,0,0,0,3,2,0,25,248,11:49,5,10,15,25
Erik Condra\condrer01,24,OTT,RW,26,6,5,11,-1,12,1.2,5,1,0,2,4,0,1,48,413,15:52,21,4,2,2
Chris Conner\connech01,27,PIT,RW,60,7,9,16,5,10,1.5,7,0,0,3,9,0,0,91,709,11:49,20,50,1,3
Tim Connolly\connoti01,29,BUF,C,68,13,29,42,-10,20,3.5,7,6,0,3,16,13,0,151,1150,16:55,53,24,445,524
Craig Conroy\conrocr01,39,CGY,C,18,2,0,2,-1,8,0.1,2,0,0,1,0,0,0,11,167,9:18,10,21,101,88
Matt Cooke\cookema01,32,PIT,LW,67,12,18,30,14,129,3.4,9,0,3,2,15,0,3,95,1048,15:38,39,192,8,21
Patrice Cormier\cormipa01,20,ATL,C,21,1,1,2,-5,4,-0.2,1,0,0,0,1,0,0,27,203,9:39,15,31,39,28
Matthew Corrente\correma01,22,NJD,D,22,0,6,6,-5,44,0.8,0,0,0,0,6,0,0,21,299,13:36,15,30,0,0
Joe Corvo\corvojo01,33,CAR,D,82,11,29,40,-14,18,6.2,5,5,1,1,11,18,0,191,2032,24:47:00,116,53,0,1
Logan Couture\coutulo01,21,SJS,C,79,32,24,56,18,41,7.8,22,10,0,8,20,4,0,253,1408,17:49,66,60,474,414
Joey Crabb\crabbjo01,27,TOR,RW,48,3,12,15,-1,24,0.8,2,0,1,2,12,0,0,51,623,12:59,20,99,5,17
Adam Cracknell\crackad01,25,STL,RW,24,3,4,7,1,8,0.8,3,0,0,0,4,0,0,26,214,8:55,7,29,46,72
Ryan Craig\craigry01,29,PIT,C,6,0,0,0,-3,22,-0.2,0,0,0,0,0,0,0,7,59,9:49,1,6,3,2
B.J. Crombeen\crombbj01,25,STL,RW,80,7,7,14,-18,154,-0.3,6,0,1,0,7,0,0,113,1024,12:48,15,93,19,45
Sidney Crosby\crosbsi01,23,PIT,C,41,32,34,66,20,31,10.1,21,10,1,3,25,9,0,161,899,21:55,23,31,546,435
Matt Cullen\cullema01,34,MIN,C,78,12,27,39,-14,34,2.7,3,5,4,2,11,16,0,150,1406,18:02,36,39,473,370
Jassen Cullimore\cullija01,38,CHI,D,36,0,8,8,4,8,1.5,0,0,0,0,8,0,0,22,455,12:38,34,38,0,0
Kyle Cumiskey\cumisky01,24,COL,D,18,1,7,8,-3,10,1,1,0,0,0,6,1,0,21,354,19:40,27,9,0,0
Matt D'Agostini\dagosma01,24,STL,RW,82,21,25,46,8,40,5.6,15,6,0,5,17,8,0,163,1210,14:46,36,70,21,34
Stephane Da Costa\dacosst01,21,OTT,RW,4,0,0,0,-1,0,-0.1,0,0,0,0,0,0,0,9,46,11:25,0,3,6,15
Evgenii Dadonov\dadonev01,21,FLA,RW,36,8,9,17,0,14,1.9,7,1,0,0,9,0,0,60,513,14:15,11,45,1,4
Trevor Daley\daleytr01,27,DAL,D,82,8,19,27,7,34,6.1,6,2,0,1,16,3,0,131,1844,22:29,124,32,0,0
Zac Dalpe\dalpeza01,21,CAR,C,15,3,1,4,0,0,0.6,3,0,0,1,1,0,0,16,119,7:56,5,10,7,18
Mathieu Darche\darchma01,34,MTL,LW,59,12,14,26,7,10,3.4,10,2,0,1,9,5,0,90,665,11:16,30,73,7,14
Pavel Datsyuk\datsypa01,32,DET,C,56,23,36,59,11,15,7.3,16,6,1,5,24,12,0,137,1082,19:19,20,54,429,356
Nigel Dawes\dawesni01,25,TOT,LW,13,0,1,1,-6,0,-0.4,0,0,0,0,1,0,0,12,128,9:49,3,19,0,0
Michael Del Zotto\delzomi01,20,NYR,D,47,2,9,11,-5,20,2.1,0,2,0,0,4,5,0,58,916,19:29,72,92,0,0
Stefan Della Rovere\dellast01,20,STL,LW,7,0,0,0,0,11,-0.1,0,0,0,0,0,0,0,4,43,6:05,2,10,3,1
Jason Demers\demerja01,22,SJS,D,75,2,22,24,19,28,5.7,2,0,0,0,16,6,0,105,1462,19:30,72,87,0,0
Guillaume Desbiens\desbigu01,25,VAN,D,12,0,0,0,-3,10,-0.2,0,0,0,0,0,0,0,4,88,7:21,4,22,1,0
David Desharnais\deshada01,24,MTL,C,43,8,14,22,-3,12,2.3,4,4,0,0,10,4,0,55,553,12:52,19,16,221,224
Andrew Desjardins\desjaan01,24,SJS,C,17,1,2,3,-1,4,0.2,1,0,0,0,2,0,0,12,121,7:08,5,34,31,25
Justin Dibenedetto\dibenju01,22,NYI,LW,8,0,1,1,-2,2,-0.1,0,0,0,0,1,0,0,6,73,9:04,3,13,0,0
Shane Doan\doansh01,34,PHX,RW,72,20,40,60,5,67,6.3,9,11,0,6,30,10,0,221,1389,19:17,28,172,73,86
Jamie Doornbosch\doornja01,20,NYI,D,1,0,0,0,-1,0,-0.1,0,0,0,0,0,0,0,1,5,5:21,0,1,0,0
Derek Dorsett\dorsede01,24,CBJ,RW,76,4,13,17,-15,184,-0.2,4,0,0,0,10,0,3,112,1004,13:13,37,195,19,32
Drew Doughty\doughdr01,21,LAK,D,76,11,29,40,13,68,9.6,6,5,0,3,19,10,0,139,1949,25:39:00,101,137,0,0
Jake Dowell\dowelja01,25,CHI,C,79,6,15,21,5,63,1.4,6,0,0,0,12,0,3,74,933,11:49,43,107,319,333
Steve Downie\downist01,23,TBL,RW,57,10,22,32,8,171,3.5,8,2,0,1,19,3,0,83,828,14:31,21,94,43,53
Kris Draper\drapekr01,39,DET,C,47,6,5,11,1,12,0.9,6,0,0,1,5,0,0,57,491,10:27,11,45,95,73
Nick Drazenovic\drazeni01,24,STL,C,3,0,0,0,-3,0,-0.2,0,0,0,0,0,0,0,2,27,8:59,1,7,6,5
Davis Drewiske\drewida01,26,LAK,D,38,0,5,5,-1,19,1.3,0,0,0,0,5,0,0,27,545,14:21,61,23,0,0
Chris Drury\drurych01,34,NYR,C,24,1,4,5,2,8,0.3,1,0,0,0,4,0,0,26,288,12:01,12,19,127,98
Brandon Dubinsky\dubinbr01,24,NYR,C,77,24,30,54,-3,100,5.9,18,4,2,2,21,7,2,202,1557,20:14,31,141,459,416
Matt Duchene\duchema01,20,COL,C,80,27,40,67,-8,33,7.1,24,3,0,2,28,12,0,202,1516,18:57,48,57,628,618
Mike Duco\ducomi01,23,FLA,LW,2,0,0,0,-1,10,-0.1,0,0,0,0,0,0,0,0,17,8:33,0,6,0,0
J.P. Dumont\dumonjp01,32,NSH,RW,70,10,9,19,2,16,1.9,9,1,0,2,6,3,0,89,783,11:11,8,45,1,1
Brodie Dupont\duponbr01,23,NYR,C,1,0,0,0,0,0,0,0,0,0,0,0,0,0,1,6,5:34,0,2,0,0
Pascal Dupuis\dupuipa01,31,PIT,LW,81,17,20,37,16,59,4.3,13,0,4,3,19,0,1,171,1366,16:52,55,117,6,22
Philippe Dupuis\dupuiph01,25,COL,C,74,6,11,17,-4,40,1,5,0,1,0,10,0,1,101,674,9:07,28,128,153,178
Radek Dvorak\dvorara01,33,TOT,RW,66,7,15,22,2,24,1.5,6,0,1,3,15,0,0,109,1061,16:05,33,51,7,12
Patrick Dwyer\dwyerpa01,27,CAR,RW,80,8,10,18,-6,12,0.8,7,0,1,2,9,1,0,104,1006,12:35,62,163,80,154
Ben Eager\eagerbe01,27,TOT,LW,68,7,10,17,4,120,1.5,7,0,0,1,10,0,0,84,723,10:38,28,87,0,2
Robbie Earl\earlro01,25,MIN,LW,6,0,0,0,-3,0,-0.2,0,0,0,0,0,0,0,6,53,8:46,0,8,0,2
Mark Eaton\eatonma01,33,NYI,D,34,0,3,3,-2,8,0.8,0,0,0,0,3,0,0,29,692,20:22,81,29,0,0
Patrick Eaves\eavespa01,26,DET,RW,63,13,7,20,-2,14,2,10,2,1,1,7,0,0,108,800,12:42,27,106,3,7
Andrew Ebbett\ebbetan01,28,PHX,C,33,2,3,5,-1,4,0.1,1,0,1,1,3,0,0,23,331,10:01,12,13,104,125
Jordan Eberle\eberljo01,20,EDM,C,69,18,25,43,-12,22,4,12,4,2,5,18,7,0,158,1220,17:41,17,32,11,15
Tyler Eckford\eckfoty01,25,NJD,D,4,0,0,0,-1,0,0,0,0,0,0,0,0,0,1,35,8:43,2,3,0,0
Alexander Edler\edleral01,24,VAN,D,51,8,25,33,13,24,6.8,3,5,0,1,13,12,0,121,1239,24:17:00,86,83,0,2
Christian Ehrhoff\ehrhoch01,28,VAN,D,79,14,36,50,19,52,10.4,8,6,0,3,13,22,1,209,1895,23:59,108,54,0,0
Oliver Ekman-Larsson\ekmanol01,19,PHX,D,48,1,10,11,3,24,2,1,0,0,0,8,2,0,50,722,15:02,31,41,0,0
Patrik Elias\eliaspa01,34,NJD,LW,81,21,41,62,-4,16,7.2,13,7,1,5,28,13,0,204,1510,18:38,25,62,224,274
Lars Eller\ellerla01,21,MTL,C,77,7,10,17,-4,48,1.1,7,0,0,2,10,0,0,79,858,11:08,22,85,183,248
Keaton Ellerby\ellerke01,22,FLA,D,54,2,10,12,-15,22,1.4,2,0,0,0,9,1,0,56,869,16:06,68,74,0,0
Matt Ellis\ellisma01,29,BUF,LW,14,0,0,0,-4,0,-0.4,0,0,0,0,0,0,0,20,141,10:03,7,8,28,30
Steve Eminger\emingst01,27,NYR,D,65,2,4,6,-5,22,1.6,2,0,0,1,3,1,0,23,1030,15:51,103,143,0,0
Cory Emmerton\emmerco01,22,DET,C,2,1,0,1,1,0,0.2,1,0,0,0,0,0,0,3,17,8:21,0,0,0,1
Deryk Engelland\engelde01,28,PIT,D,63,3,7,10,-5,123,1.9,3,0,0,0,7,0,0,49,840,13:20,54,122,0,0
Andreas Engqvist\engqvan01,23,MTL,C,3,0,0,0,0,0,0,0,0,0,0,0,0,0,1,26,8:46,3,2,7,12
Tyler Ennis\ennisty01,21,BUF,C,82,20,29,49,0,30,5.3,15,5,0,1,20,9,0,210,1285,15:40,27,42,2,7
Toby Enstrom\enstrto01,26,ATL,D,72,10,41,51,-10,54,7.4,4,6,0,0,18,22,1,113,1705,23:41,137,30,0,0
Martin Erat\eratma01,29,NSH,LW,64,17,33,50,14,22,5.9,10,7,0,3,25,8,0,135,1158,18:06,21,57,19,25
Jonathan Ericsson\ericsjo01,26,DET,D,74,3,12,15,8,87,3.5,2,1,0,0,12,0,0,89,1394,18:50,37,107,0,0
Loui Eriksson\erikslo01,25,DAL,LW,79,27,46,73,10,8,8.8,16,10,1,6,29,15,2,179,1625,20:34,46,26,1,3
John Erskine\erskijo01,30,WSH,D,73,4,7,11,1,94,3,4,0,0,1,7,0,0,58,1083,14:50,120,165,0,0
Brian Fahey\faheybr01,29,WSH,D,7,0,1,1,-1,2,0.1,0,0,0,0,1,0,0,4,83,11:49,6,9,0,0
Justin Falk\falkju01,22,MIN,D,22,0,3,3,-4,6,0.4,0,0,0,0,3,0,0,7,311,14:09,17,22,0,0
Mark Fayne\faynema01,23,NJD,D,57,4,10,14,10,27,4.7,4,0,0,0,6,4,0,77,1017,17:50,39,51,0,0
Ruslan Fedotenko\fedotru01,32,NYR,LW,66,10,15,25,9,25,2.6,9,0,1,0,13,2,0,120,990,15:00,50,150,12,20
Eric Fehr\fehrer01,25,WSH,RW,52,10,10,20,0,16,2.2,7,3,0,1,6,4,0,120,655,12:35,20,32,0,1
Andrew Ference\ferenan01,31,BOS,D,70,3,12,15,22,60,4.3,3,0,0,0,10,1,1,78,1259,17:59,82,74,0,0
Benn Ferriero\ferribe01,23,SJS,C,33,5,4,9,8,9,1.1,4,1,0,1,4,0,0,56,432,13:05,8,46,2,9
Brett Festerling\festebr01,24,ANA,D,1,0,0,0,-2,0,-0.2,0,0,0,0,0,0,0,0,15,14:53,4,2,0,0
Vernon Fiddler\fiddlve01,30,PHX,C,71,6,16,22,3,46,1,5,0,1,2,14,1,1,97,1104,15:33,60,85,660,564
Nikita Filatov\filatni01,20,CBJ,LW,23,0,7,7,3,8,0.4,0,0,0,0,4,3,0,31,283,12:19,4,10,0,0
Valtteri Filppula\filppva01,26,DET,C,71,16,23,39,-1,22,3.6,12,4,0,5,19,4,0,115,1187,16:43,25,30,478,450
Mike Fisher\fishemi01,30,TOT,C,82,19,17,36,-17,43,3,15,4,0,2,7,10,0,192,1506,18:22,89,135,602,644
Mark Fistric\fistrma01,24,DAL,D,57,2,3,5,-10,44,0.7,2,0,0,1,2,0,1,26,820,14:23,78,173,0,0
Tomas Fleischmann\fleisto01,26,TOT,LW,45,12,19,31,2,18,3.5,9,3,0,2,16,3,0,98,736,16:22,14,15,91,134
Nick Foligno\foligni01,23,OTT,LW,82,14,20,34,-19,43,2.7,9,5,0,3,15,5,0,149,1277,15:35,41,119,65,73
Adam Foote\footead01,39,COL,D,47,0,8,8,-9,33,0.7,0,0,0,0,8,0,0,23,842,17:56,67,55,0,0
Peter Forsberg*\forsbpe01,37,COL,C,2,0,0,0,-4,4,-0.2,0,0,0,0,0,0,0,3,35,17:35,0,3,0,0
Kurtis Foster\fosteku01,29,EDM,D,74,8,14,22,-12,45,3.5,3,5,0,0,5,9,0,182,1307,17:40,76,89,0,0
Cam Fowler\fowleca01,19,ANA,D,76,10,30,40,-25,20,5,4,6,0,3,13,17,0,123,1682,22:08,93,45,0,0
Cody Franson\fransco01,23,NSH,D,80,8,21,29,10,30,6.3,6,2,0,2,17,4,0,156,1214,15:11,52,81,0,0
Johan Franzen\franzjo01,31,DET,C,76,28,27,55,5,58,6.7,18,10,0,5,20,7,0,248,1325,17:26,29,143,74,73
Colin Fraser\fraseco01,26,EDM,C,67,3,2,5,-2,60,-0.4,2,0,1,0,2,0,0,57,688,10:17,54,79,246,306
Mark Fraser\frasema01,24,NJD,D,26,0,2,2,2,29,1.1,0,0,0,0,2,0,0,16,363,13:59,19,58,0,0
Matt Frattin\frattma01,23,TOR,RW,1,0,0,0,-1,0,-0.1,0,0,0,0,0,0,0,5,16,15:34,0,1,0,0
Michael Frolik\frolimi01,22,TOT,C,80,11,27,38,2,30,3.3,10,1,0,1,22,5,0,251,1247,15:36,37,52,48,71
Alex Frolov\froloal01,28,NYR,LW,43,7,9,16,4,8,1.7,7,0,0,2,8,1,0,78,620,14:26,15,39,1,6
Marian Gaborik\gaborma01,28,NYR,RW,62,22,26,48,8,18,6.2,15,7,0,4,17,9,0,192,1121,18:05,22,46,0,0
Simon Gagne\gagnesi01,30,TBL,LW,63,17,23,40,-12,20,3.9,10,7,0,3,15,8,0,154,1064,16:53,20,49,6,10
Sam Gagner\gagnesa01,21,EDM,C,68,15,27,42,-17,37,3.4,11,3,1,2,21,6,0,138,1207,17:45,29,24,410,525
Aaron Gagnon\gagnoaa01,24,DAL,C,19,0,2,2,-3,0,-0.2,0,0,0,0,2,0,0,9,153,8:04,5,12,30,25
T.J. Galiardi\galiatj01,22,COL,LW,35,7,8,15,-6,12,1.1,7,0,0,1,6,2,0,62,567,16:12,19,41,62,72
Jason Garrison\garrija01,26,FLA,D,73,5,13,18,-2,26,4.5,5,0,0,3,10,3,0,116,1627,22:18,127,136,0,0
Cameron Gaunce\gauncca01,20,COL,D,11,1,0,1,-3,16,0.1,1,0,0,0,0,0,0,4,140,12:44,7,10,0,0
Paul Gaustad\gaustpa01,28,BUF,C,81,12,19,31,7,101,2.8,11,1,0,3,17,1,1,117,1226,15:08,44,128,692,466
Blake Geoffrion\geoffbl01,22,NSH,LW,20,6,2,8,3,7,1.4,6,0,0,1,2,0,0,24,165,8:16,4,8,46,53
Nathan Gerbe\gerbena01,23,BUF,C,64,16,15,31,11,34,4.1,14,2,0,3,13,2,0,171,853,13:20,23,53,4,13
Bruno Gervais\gervabr01,26,NYI,D,53,0,6,6,-14,30,0.2,0,0,0,0,6,0,0,43,831,15:41,75,39,0,0
Ryan Getzlaf\getzlry01,25,ANA,C,67,19,57,76,14,35,8.4,12,7,0,4,37,20,0,117,1464,21:51,57,189,542,641
Tom Gilbert\gilbeto01,28,EDM,D,79,6,20,26,-14,32,4.1,3,3,0,0,11,7,2,106,1936,24:30:00,172,69,0,0
Hal Gill\gillha01,35,MTL,D,75,2,7,9,-9,43,2.4,2,0,0,1,6,0,1,62,1486,19:49,151,75,0,0
Colton Gillies\gillico01,21,MIN,C,7,1,0,1,-2,2,0,1,0,0,0,0,0,0,3,73,10:22,2,16,1,1
Trevor Gillies\gillitr01,32,NYI,LW,39,2,0,2,-3,165,0.1,2,0,0,0,0,0,0,9,120,3:04,6,41,0,1
Matt Gilroy\gilroma01,26,NYR,D,58,3,8,11,5,14,2.9,3,0,0,1,7,1,0,75,822,14:11,62,39,0,0
Brian Gionta\giontbr01,32,MTL,RW,82,29,17,46,3,24,5.8,20,7,2,6,13,4,0,298,1609,19:37,31,87,19,40
Stephen Gionta\giontst01,27,NJD,RW,12,0,0,0,-3,6,-0.3,0,0,0,0,0,0,0,13,108,9:00,5,16,0,0
Mark Giordano\giordma01,27,CGY,D,82,8,35,43,-8,67,6.4,3,5,0,1,15,20,0,165,1898,23:08,193,140,0,0
Dan Girardi\girarda01,26,NYR,D,80,4,27,31,7,37,6.7,2,2,0,1,20,5,2,110,1966,24:35:00,236,195,0,0
Alexandre Giroux\giroual01,29,EDM,C,8,1,1,2,-2,2,0,1,0,0,0,1,0,0,13,118,14:46,3,16,0,2
Claude Giroux\giroucl01,23,PHI,RW,82,25,51,76,20,47,8.8,14,8,3,5,36,11,4,169,1591,19:24,44,117,548,547
Tanner Glass\glassta01,27,VAN,LW,73,3,7,10,-5,72,0,3,0,0,1,7,0,0,45,652,8:56,29,130,25,37
Tim Gleason\gleasti01,28,CAR,D,82,2,14,16,-11,85,2.5,2,0,0,0,12,1,1,84,1719,20:58,138,215,0,0
Curtis Glencross\glenccu01,28,CGY,LW,79,24,19,43,6,59,5.3,19,3,2,4,16,2,1,149,1283,16:15,54,105,57,84
Marcel Goc\gocma01,27,NSH,C,51,9,15,24,10,6,2.6,8,0,1,2,15,0,0,111,818,16:02,13,51,346,347
Eric Godard\godarer01,30,PIT,RW,19,0,3,3,4,105,0.3,0,0,0,0,3,0,0,1,98,5:10,2,19,0,0
Alex Goligoski\goligal01,25,TOT,D,83,14,32,46,20,40,10.2,7,7,0,4,15,17,0,162,1846,22:14,106,75,0,0
Scott Gomez\gomezsc01,31,MTL,C,80,7,31,38,-15,48,1.9,4,3,0,2,16,14,1,157,1485,18:34,24,32,575,622
Sergei Gonchar\gonchse01,36,OTT,D,67,7,20,27,-15,20,5,2,5,0,0,5,15,0,107,1554,23:12,94,54,0,0
Andrew Gordon\gordoan01,25,WSH,RW,9,1,1,2,-2,0,0.1,1,0,0,0,1,0,0,5,78,8:40,4,5,0,0
Boyd Gordon\gordobo01,27,WSH,RW,60,3,6,9,-5,16,-0.2,2,0,1,1,6,0,0,77,783,13:03,50,33,417,302
Josh Gorges\gorgejo01,26,MTL,D,36,1,6,7,-3,18,1.6,0,1,0,1,6,0,0,20,762,21:10,79,55,0,0
Michael Grabner\grabnmi01,23,NYI,RW,76,34,18,52,13,10,8.1,26,2,6,3,15,2,1,228,1146,15:05,24,22,2,4
Mikhail Grabovski\grabomi01,27,TOR,C,81,29,29,58,14,60,7.4,19,10,0,4,24,5,0,239,1568,19:22,25,44,642,684
Evgeny Grachev\grachev01,20,NYR,C,8,0,0,0,-3,0,-0.2,0,0,0,0,0,0,0,3,62,7:42,0,8,0,1
Marc-Andre Gragnani\gragnma01,23,BUF,LW,9,1,2,3,0,2,0.2,1,0,0,1,0,2,0,11,138,15:17,6,6,0,0
Josh Green\greenjo01,33,ANA,LW,12,0,0,0,-3,6,-0.3,0,0,0,0,0,0,0,10,120,10:01,1,11,3,4
Mike Green\greenmi03,25,WSH,D,49,8,16,24,6,48,5.5,3,5,0,1,10,5,1,115,1234,25:12:00,106,100,0,0
Andy Greene\greenan01,28,NJD,D,82,4,19,23,-23,22,4.4,3,1,0,1,14,5,0,91,1834,22:22,157,49,0,0
Matt Greene\greenma01,27,LAK,D,71,2,9,11,3,70,3.5,2,0,0,1,9,0,0,50,1205,16:59,105,243,0,0
Colin Greening\greenco01,24,OTT,C,24,6,7,13,2,10,1.7,6,0,0,2,7,0,0,57,362,15:05,9,56,11,13
Mike Grier\griermi01,36,BUF,RW,73,5,11,16,0,12,0.4,5,0,0,0,11,0,0,107,1051,14:24,48,112,10,21
Nicklas Grossmann\grossni01,26,DAL,D,59,1,9,10,7,35,2.8,1,0,0,0,9,0,0,38,1074,18:12,78,161,0,0
Nate Guenin\guenina01,28,CBJ,D,3,0,0,0,-3,2,-0.2,0,0,0,0,0,0,0,2,44,14:48,7,11,0,0
Carl Gunnarsson\gunnaca01,24,TOR,D,68,4,16,20,-2,14,3.7,3,1,0,1,13,3,0,69,1240,18:15,120,63,0,0
Erik Gustafsson\gustaer01,22,PHI,D,3,0,0,0,-1,4,-0.1,0,0,0,0,0,0,0,2,33,10:57,1,0,0,0
Niklas Hagman\hagmani01,31,CGY,LW,71,11,16,27,-2,24,2.3,7,4,0,0,13,3,0,140,968,13:38,12,35,3,22
Ron Hainsey\hainsro01,29,ATL,D,82,3,16,19,3,24,3.9,3,0,0,2,14,1,1,83,1483,18:05,168,49,0,0
David Hale\haleda01,29,OTT,D,25,1,4,5,7,6,1.9,1,0,0,1,4,0,0,20,408,16:19,22,29,0,0
Micheal Haley\haleymi01,24,NYI,C,27,2,1,3,-4,85,0,2,0,0,0,1,0,0,13,217,8:02,3,55,7,13
Matt Halischuk\halisma01,22,NSH,RW,27,4,8,12,5,2,1.5,4,0,0,1,8,0,0,29,273,10:08,9,6,0,4
Adam Hall\hallad01,30,TBL,RW,82,7,11,18,-12,32,0.1,7,0,0,1,11,0,0,167,1218,14:51,59,152,360,295
Taylor Hall\hallta02,19,EDM,LW,65,22,20,42,-9,27,4.5,14,8,0,4,17,3,0,186,1184,18:13,37,48,42,63
Jeff Halpern\halpeje01,34,MTL,C,72,11,15,26,6,29,2.8,10,0,1,3,15,0,0,62,917,12:44,53,42,338,256
Dan Hamhuis\hamhuda01,28,VAN,D,64,6,17,23,29,34,7,4,2,0,1,12,5,0,109,1451,22:41,89,76,0,0
Zach Hamill\hamilza01,22,BOS,C,3,0,1,1,1,0,0.1,0,0,0,0,1,0,0,1,31,10:28,3,0,5,11
Travis Hamonic\hamontr01,20,NYI,D,62,5,21,26,4,103,5,4,1,0,0,17,3,1,118,1338,21:34,115,116,0,0
Roman Hamrlik\hamrlro01,36,MTL,D,79,5,29,34,6,81,7.1,3,2,0,0,16,13,0,129,1760,22:17,192,66,0,0
Michal Handzus\handzmi01,33,LAK,C,82,12,18,30,-5,20,2.2,8,4,0,3,11,6,1,94,1422,17:21,48,86,678,634
Scott Hannan\hannasc01,32,TOT,D,78,1,10,11,4,34,3.2,1,0,0,0,9,0,1,56,1543,19:47,122,84,0,0
Jannik Hansen\hanseja01,24,VAN,LW,82,9,20,29,13,32,2.5,9,0,0,2,19,0,1,113,1206,14:43,26,149,8,11
Christian Hanson\hansoch01,24,TOR,RW,6,0,0,0,0,4,-0.1,0,0,0,0,0,0,0,2,51,8:26,0,11,7,10
Martin Hanzal\hanzama01,23,PHX,C,61,16,10,26,4,54,2.4,9,7,0,5,10,0,0,149,1190,19:30,35,147,518,511
Johan Harju\harjujo01,24,TBL,LW,10,1,2,3,-2,2,0.2,1,0,0,0,2,0,0,14,85,8:28,2,9,2,3
Jay Harrison\harrija01,28,CAR,D,72,3,7,10,5,72,2.8,3,0,0,0,7,0,0,49,1100,15:16,100,110,0,0
Peter Harrold\harrope01,27,LAK,D,19,1,3,4,3,4,1.1,1,0,0,0,3,0,0,12,233,12:15,6,5,0,0
Teemu Hartikainen\hartite01,20,EDM,LW,12,3,2,5,-3,4,0.4,2,1,0,0,1,1,0,21,209,17:25,6,19,6,12
Scott Hartnell\hartnsc01,28,PHI,RW,82,24,25,49,14,142,5.9,20,4,0,4,19,6,0,177,1362,16:36,38,168,5,5
Martin Havlat\havlama01,29,MIN,LW,78,22,40,62,-10,52,6.4,19,3,0,4,29,11,0,229,1431,18:21,24,34,3,7
Dany Heatley\heatlda01,30,SJS,RW,80,26,38,64,8,56,7.3,14,11,1,5,18,19,1,217,1572,19:39,29,104,9,11
Jochen Hecht\hechtjo01,33,BUF,C,67,12,17,29,4,40,2.6,12,0,0,4,15,2,0,172,1144,17:05,26,32,314,415
Victor Hedman\hedmavi01,20,TBL,D,79,3,23,26,3,70,5,3,0,0,0,20,3,0,101,1660,21:01,85,54,0,0
Jan Hejda\hejdaja01,32,CBJ,D,77,5,15,20,-6,28,3.6,5,0,0,0,14,0,1,79,1626,21:07,158,152,1,0
Milan Hejduk\hejdumi01,34,COL,RW,71,22,34,56,-23,18,5.2,12,10,0,2,20,14,0,170,1273,17:55,31,9,2,3
Darren Helm\helmda01,24,DET,C,82,12,20,32,9,16,3,10,0,2,2,19,0,1,177,1091,13:18,30,128,493,445
Ales Hemsky\hemskal01,27,EDM,RW,47,14,28,42,3,18,4.7,12,1,1,1,19,8,1,100,859,18:17,18,29,1,6
Matt Hendricks\hendrma01,29,WSH,C,77,9,16,25,-2,110,2.2,8,1,0,3,15,1,0,113,882,11:28,37,165,50,43
Jordan Hendry\hendrjo02,26,CHI,D,37,1,0,1,-2,4,0.3,1,0,0,0,0,0,0,35,396,10:42,29,47,0,1
Adam Henrique\henriad01,20,NJD,C,1,0,0,0,1,0,0,0,0,0,0,0,0,0,3,13,13:21,2,0,0,1
T.J. Hensick\hensitj01,25,STL,C,13,1,2,3,-5,2,0,1,0,0,0,1,1,0,12,118,9:05,1,1,11,18
Chris Higgins\higgich01,27,TOT,C,62,13,15,28,5,16,3,12,1,0,0,14,0,1,160,1011,16:18,36,80,41,44
Jack Hillen\hilleja01,25,NYI,D,64,4,18,22,-5,45,3.6,4,0,0,1,16,1,1,81,1204,18:49,131,54,0,0
Niklas Hjalmarsson\hjalmni01,23,CHI,D,80,3,7,10,13,39,3.6,3,0,0,0,7,0,0,64,1478,18:29,166,46,0,0
Shane Hnidy\hnidysh01,35,BOS,D,3,0,0,0,-2,2,-0.1,0,0,0,0,0,0,0,3,44,14:47,1,2,0,0
Cody Hodgson\hodgsco01,20,VAN,C,8,1,1,2,1,0,0.3,1,0,0,0,1,0,0,9,62,7:45,2,4,16,26
Nick Holden\holdeni01,23,CBJ,D,5,0,0,0,0,0,0.1,0,0,0,0,0,0,0,6,86,17:11,9,4,0,0
Ryan Hollweg\hollwry01,27,PHX,C,3,0,0,0,-1,0,-0.1,0,0,0,0,0,0,0,0,20,6:33,0,8,0,0
Ben Holmstrom\holmsbe01,23,PHI,C,2,0,0,0,-1,5,-0.1,0,0,0,0,0,0,0,0,18,9:05,0,8,5,11
Tomas Holmstrom\holmsto01,38,DET,LW,73,18,19,37,-6,62,3.6,8,10,0,1,9,10,0,125,1081,14:48,11,81,1,0
Jonas Holos\holosjo01,23,COL,D,39,0,6,6,-3,10,0.9,0,0,0,0,4,1,1,36,704,18:03,32,19,0,0
Korbinian Holzer\holzeko01,22,TOR,D,2,0,0,0,-1,2,-0.1,0,0,0,0,0,0,0,1,26,13:01,3,1,0,0
Shawn Horcoff\horcosh01,32,EDM,C,47,9,18,27,-1,46,2.3,4,5,0,1,12,5,1,78,878,18:41,20,32,393,420
Darcy Hordichuk\hordida01,30,FLA,LW,64,1,4,5,-1,76,0.1,1,0,0,0,4,0,0,32,324,5:04,4,116,0,0
Patric Hornqvist\hornqpa01,24,NSH,RW,79,21,27,48,11,47,5.9,15,6,0,5,19,8,0,265,1242,15:44,36,86,22,23
Nathan Horton\hortona01,25,BOS,C,80,26,27,53,29,85,7.4,20,6,0,2,25,2,0,188,1303,16:17,14,74,8,11
Marian Hossa\hossama01,32,CHI,RW,65,25,32,57,9,32,7,15,8,2,2,20,11,1,205,1281,19:42,23,48,3,1
Jiri Hudler\hudleji01,27,DET,C,73,10,27,37,-7,28,2.9,7,3,0,2,18,9,0,105,997,13:40,11,35,31,39
Trent Hunter\huntetr01,30,NYI,RW,17,1,3,4,-3,23,0,1,0,0,0,3,0,0,30,215,12:40,5,36,0,2
Matt Hunwick\hunwima01,25,TOT,D,73,1,12,13,-15,25,1.1,1,0,0,0,9,3,0,100,1351,18:31,71,65,0,0
Kristian Huselius\huselkr01,32,CBJ,LW,39,14,9,23,-17,10,2.1,8,6,0,1,7,2,0,94,639,16:23,4,4,0,0
Kent Huskins\huskike01,31,SJS,D,50,2,8,10,8,12,2.7,2,0,0,0,8,0,0,38,831,16:37,58,18,0,0
Andrew Hutchinson\hutchan01,30,PIT,D,5,0,1,1,-3,6,-0.1,0,0,0,0,1,0,0,2,77,15:18,8,0,0,0
Jarome Iginla\iginlja01,33,CGY,RW,82,43,43,86,0,40,11,29,14,0,6,27,16,0,289,1717,20:56,28,103,227,193
Raitis Ivanans\ivanara01,32,CGY,LW,1,0,0,0,-1,5,-0.1,0,0,0,0,0,0,0,0,8,8:20,0,1,0,0
Barret Jackman\jackmba01,29,STL,D,60,0,13,13,3,57,2.7,0,0,0,0,10,0,3,65,1248,20:48,114,78,0,0
Tim Jackman\jackmti01,29,CGY,RW,82,10,13,23,4,86,2.3,9,1,0,1,11,2,0,131,806,9:49,21,133,6,10
Jean-Francois Jacques\jacquje01,25,EDM,LW,51,4,1,5,-6,63,0.1,4,0,0,0,1,0,0,28,361,7:04,17,111,5,11
Doug Janik\janikdo01,30,DET,D,7,0,0,0,-2,7,-0.1,0,0,0,0,0,0,0,8,93,13:13,7,2,0,0
Cam Janssen\janssca01,26,STL,RW,54,1,3,4,-6,131,-0.2,1,0,0,0,3,0,0,16,263,4:53,7,95,0,0
Dustin Jeffrey\jeffrdu01,22,PIT,C,25,7,5,12,5,4,1.8,6,1,0,1,5,0,0,39,324,12:58,10,14,109,138
Hugh Jessiman\jessihu01,26,FLA,RW,2,0,0,0,-1,5,-0.1,0,0,0,0,0,0,0,2,15,7:21,0,4,0,0
Jesse Joensuu\joensje01,23,NYI,RW,42,6,3,9,-6,33,0.6,6,0,0,2,3,0,0,41,486,11:35,13,57,5,4
Marcus Johansson\johanma03,20,WSH,C,69,13,14,27,2,10,2.8,10,2,1,2,13,1,0,102,1016,14:43,22,47,271,398
Erik Johnson\johnser01,22,TOT,D,77,8,21,29,-13,56,4.3,4,3,1,2,13,7,1,161,1757,22:49,133,99,0,0
Jack Johnson\johnsja02,24,LAK,D,82,5,37,42,-21,44,6.2,2,3,0,0,11,25,1,153,1902,23:12,133,84,0,0
Nick Johnson\johnsni01,25,PIT,RW,4,1,2,3,1,5,0.4,1,0,0,0,2,0,0,10,67,16:44,2,4,0,0
Ryan Johnson\johnsry01,34,CHI,C,34,1,5,6,-2,8,0,1,0,0,1,5,0,0,25,352,10:21,34,31,197,115
Jussi Jokinen\jokinju01,27,CAR,LW,70,19,33,52,3,24,5.8,11,8,0,1,23,10,0,136,1206,17:13,36,43,166,148
Olli Jokinen\jokinol01,32,CGY,C,79,17,37,54,-17,44,4.5,12,5,0,1,23,14,0,208,1404,17:47,35,56,552,613
Blair Jones\jonesbl01,24,TBL,C,18,1,2,3,-2,2,0.1,1,0,0,0,2,0,0,20,144,8:01,6,12,46,40
David Jones\jonesda01,26,COL,RW,77,27,18,45,-2,28,5.2,21,6,0,4,14,3,1,153,1361,17:41,38,93,10,11
Randy Jones\jonesra01,29,TBL,D,61,1,12,13,-4,15,2.2,1,0,0,0,12,0,0,52,1041,17:03,104,42,0,0
Ryan Jones\jonesry01,26,EDM,LW,81,18,7,25,-5,34,2.5,15,2,1,2,5,2,0,126,1121,13:50,57,152,10,19
Jacob Josefson\josefja01,19,NJD,C,28,3,7,10,5,6,1.2,3,0,0,1,4,3,0,31,371,13:14,8,8,95,107
Derek Joslin\joslide01,23,TOT,D,34,2,7,9,5,10,2.1,1,1,0,1,7,0,0,34,519,15:16,28,40,0,0
Ed Jovanovski\jovaned01,34,PHX,D,50,5,9,14,4,39,3,4,1,0,1,7,1,1,73,1024,20:29,91,87,0,0
Milan Jurcina\jurcimi01,27,NYI,D,46,4,13,17,-4,30,2.8,2,1,1,0,8,4,1,76,831,18:04,93,125,0,1
Tomas Kaberle\kaberto01,32,TOT,D,82,4,43,47,4,18,7.5,4,0,0,1,18,25,0,130,1813,22:07,140,37,0,0
Nazem Kadri\kadrina01,20,TOR,C,29,3,9,12,-3,8,0.7,3,0,0,0,7,2,0,51,457,15:47,6,16,49,72
Patrick Kaleta\kaletpa01,24,BUF,RW,51,4,5,9,-4,78,0.3,3,0,1,0,5,0,0,65,520,10:11,33,126,5,7
Steven Kampfer\kampfst01,22,BOS,D,38,5,5,10,9,12,2.7,5,0,0,1,2,3,0,57,674,17:44,56,41,0,0
Evander Kane\kaneev01,19,ATL,C,73,19,24,43,-12,68,4.1,15,4,0,2,20,4,0,234,1304,17:52,30,151,26,38
Patrick Kane\kanepa01,22,CHI,RW,73,27,46,73,7,28,8.6,22,5,0,2,27,19,0,216,1408,19:17,17,17,2,12
Erik Karlsson\karlser01,20,OTT,D,75,13,32,45,-30,50,6.7,9,4,0,4,14,17,1,182,1764,23:31,74,32,0,0
Matt Kassian\kassima01,24,MIN,LW,4,0,0,0,-1,12,-0.1,0,0,0,0,0,0,0,1,22,5:29,3,6,0,0
Mark Katic\katicma01,21,NYI,D,11,0,1,1,-9,4,-0.5,0,0,0,0,1,0,0,8,181,16:26,21,8,0,0
Duncan Keith\keithdu01,27,CHI,D,82,7,38,45,-1,22,7.2,3,3,1,1,19,19,0,173,2205,26:53:00,149,45,0,0
Chris Kelly\kellych01,30,TOT,C,81,14,14,28,-13,33,2.1,13,0,1,2,12,0,2,113,1249,15:25,54,81,466,450
Tim Kennedy\kenneti01,24,FLA,LW,6,0,1,1,0,0,0,0,0,0,0,1,0,0,2,62,10:23,6,16,12,18
Tyler Kennedy\kennety01,24,PIT,C,80,21,24,45,1,37,5.4,14,7,0,2,17,7,0,234,1162,14:32,23,95,27,33
Ryan Kesler\keslery01,26,VAN,C,82,41,32,73,24,66,10.4,23,15,3,7,16,15,1,260,1681,20:30,80,124,859,637
Phil Kessel\kesseph01,23,TOR,RW,82,32,32,64,-20,24,6.9,19,12,1,6,21,11,0,325,1611,19:39,22,11,24,35
Jakub Kindl\kindlja01,23,DET,D,48,2,2,4,-6,36,0.6,2,0,0,0,2,0,0,62,653,13:37,36,44,0,0
D.J. King\kingdj01,26,WSH,LW,16,0,2,2,-3,30,-0.1,0,0,0,0,2,0,0,6,91,5:41,0,20,0,0
Dwight King\kingdw01,21,LAK,LW,6,0,0,0,-2,2,-0.2,0,0,0,0,0,0,0,3,70,11:43,1,7,0,0
Linus Klasen\klaseli01,24,NSH,LW,4,0,0,0,-3,0,-0.2,0,0,0,0,0,0,0,4,52,12:53,1,1,0,0
Kevin Klein\kleinke01,26,NSH,D,81,2,16,18,9,24,5,2,0,0,0,15,0,1,99,1684,20:48,173,128,0,0
Rostislav Klesla\kleslro01,28,TOT,D,61,4,7,11,4,38,2.9,4,0,0,0,7,0,0,67,1164,19:04,131,61,1,0
Carl Klingberg\klingca01,20,ATL,LW,1,0,0,0,0,0,0,0,0,0,0,0,0,0,0,10,10:22,0,1,0,0
Rob Klinkhammer\klinkro01,24,CHI,LW,1,0,0,0,1,0,0,0,0,0,0,0,0,0,1,12,11:36,1,3,0,0
Mike Knuble\knublmi01,38,WSH,RW,79,24,16,40,10,36,5.1,16,7,1,1,10,5,1,203,1413,17:53,30,74,10,23
Chuck Kobasew\kobasch01,28,MIN,RW,63,9,7,16,-6,19,1.3,9,0,0,1,7,0,0,74,746,11:50,20,31,6,7
David Koci\kocida01,29,COL,D,35,1,0,1,-5,80,-0.1,1,0,0,0,0,0,0,9,143,4:05,5,28,0,0
Mikko Koivu\koivumi01,27,MIN,C,71,17,45,62,4,50,6.6,9,7,1,3,30,15,0,191,1384,19:29,29,63,683,609
Saku Koivu\koivusa01,36,ANA,C,75,15,30,45,-8,36,3.7,11,4,0,3,19,11,0,104,1435,19:08,35,48,707,632
Chad Kolarik\kolarch01,25,NYR,RW,4,0,1,1,-1,2,0,0,0,0,0,1,0,0,4,37,9:08,2,3,0,0
Mike Komisarek\komismi01,29,TOR,D,75,1,9,10,-8,86,1.6,1,0,0,0,9,0,0,48,1022,13:38,117,146,0,0
Zenon Konopka\konopze01,30,NYI,C,82,2,7,9,-14,307,-0.8,2,0,0,0,7,0,0,56,836,10:11,50,110,614,448
Tomas Kopecky\kopecto01,28,CHI,RW,81,15,27,42,-13,60,3.4,12,3,0,2,17,10,0,178,1241,15:19,24,77,120,164
Anze Kopitar\kopitan01,23,LAK,C,75,25,48,73,25,20,9.2,18,6,1,6,36,12,0,233,1619,21:35,45,92,579,581
Lauri Korpikoski\korpila01,24,PHX,LW,79,19,21,40,17,20,4.8,17,0,2,4,18,1,2,103,1227,15:32,50,87,107,137
Andrei Kostitsyn\kostian01,25,MTL,LW,81,20,25,45,3,36,5.2,15,5,0,6,19,6,0,196,1287,15:53,26,140,0,2
Sergei Kostitsyn\kostise01,23,NSH,LW,77,23,27,50,10,20,6.4,18,4,1,2,18,9,0,93,1170,15:11,15,41,1,5
Tom Kostopoulos\kostoto01,32,TOT,RW,76,8,10,18,-4,74,1,6,2,0,0,9,1,0,79,938,12:20,40,119,18,49
Ales Kotalik\kotalal01,32,CGY,RW,26,4,2,6,-7,8,0.2,3,1,0,2,1,1,0,62,322,12:22,4,38,6,5
Ilya Kovalchuk\kovalil01,27,NJD,LW,81,31,29,60,-26,28,6.8,22,9,0,9,17,12,0,245,1828,22:34,12,28,9,22
Alex Kovalev\kovalal01,37,TOT,RW,74,16,18,34,-6,44,3.4,10,6,0,3,14,4,0,151,1222,16:31,8,14,3,7
David Krejci\krejcda01,24,BOS,C,75,13,49,62,23,28,6.5,12,1,0,2,38,11,0,157,1414,18:51,40,56,560,589
Niklas Kronwall\kronwni01,30,DET,D,77,11,26,37,5,36,6.7,6,5,0,3,18,8,0,131,1761,22:52,129,113,0,0
Marcus Kruger\krugema01,20,CHI,C,7,0,0,0,-4,4,-0.3,0,0,0,0,0,0,0,7,84,11:58,2,4,14,25
Filip Kuba\kubafi01,34,OTT,D,64,2,14,16,-26,16,1.9,2,0,0,1,6,7,1,76,1327,20:44,104,23,0,0
Tomas Kubalik\kubalto01,20,CBJ,RW,4,0,2,2,-3,0,0,0,0,0,0,2,0,0,5,59,14:45,0,14,1,0
Pavel Kubina\kubinpa01,33,TBL,D,79,4,19,23,2,62,4.6,3,1,0,2,15,4,0,78,1519,19:14,115,90,0,0
Arturs Kulda\kuldaar01,22,ATL,D,2,0,0,0,-2,2,-0.1,0,0,0,0,0,0,0,3,22,11:07,1,4,0,0
Nikolai Kulemin\kulemni01,24,TOR,LW,82,30,27,57,7,26,7.4,24,5,1,5,19,8,0,173,1421,17:19,48,101,60,51
Dmitry Kulikov\kulikdm01,20,FLA,D,72,6,20,26,-5,45,5,5,1,0,1,16,4,0,83,1436,19:57,79,107,0,0
Chris Kunitz\kunitch01,31,PIT,LW,66,23,25,48,18,47,6.5,15,7,1,2,20,4,1,133,1206,18:17,14,155,4,4
Teemu Laakso\laakste01,23,NSH,D,1,0,0,0,0,0,0,0,0,0,0,0,0,0,0,3,2:43,0,1,0,0
Andrew Ladd\laddan01,25,ATL,LW,81,29,30,59,-10,39,6.5,18,9,2,2,20,9,1,195,1626,20:04,43,68,15,28
Brooks Laich\laichbr01,27,WSH,C,82,16,32,48,14,46,5.1,11,4,1,3,21,9,2,207,1511,18:25,54,112,268,254
Jamie Langenbrunner\langeja01,35,TOT,RW,70,9,23,32,-18,45,2,8,1,0,3,17,6,0,153,1221,17:26,25,96,11,17
Daymond Langkow\langkda01,34,CGY,C,4,0,1,1,3,0,0.1,0,0,0,0,1,0,0,6,59,14:46,0,4,23,20
Maxim Lapierre\lapiema01,25,TOT,C,78,6,6,12,-14,80,-0.2,6,0,0,0,6,0,0,129,907,11:38,23,194,173,167
Chad Larose\larosch01,28,CAR,RW,82,16,15,31,-21,59,1.9,13,2,1,0,13,1,1,176,1313,16:01,23,192,11,22
Philip Larsen\larseph01,21,DAL,D,6,0,2,2,1,0,0.4,0,0,0,0,2,0,0,11,81,13:26,3,1,0,0
Matt Lashoff\lashoma01,24,TOR,D,11,0,1,1,1,6,0.3,0,0,0,0,0,1,0,8,152,13:50,14,10,0,0
Guillaume Latendresse\latengu01,23,MIN,RW,11,3,3,6,2,8,0.8,2,1,0,1,2,1,0,18,140,12:43,2,18,0,6
Jay Leach\leachja02,31,NJD,D,7,0,0,0,0,7,0.2,0,0,0,0,0,0,0,2,100,14:15,6,5,0,0
Brett Lebda\lebdabr01,29,TOR,D,41,1,3,4,-14,14,-0.1,1,0,0,0,2,1,0,34,547,13:20,31,33,0,2
Vincent Lecavalier\lecavvi01,30,TBL,C,65,25,29,54,-5,43,6.4,13,12,0,5,13,16,0,210,1200,18:27,25,93,591,570
Nick Leddy\leddyni01,19,CHI,D,46,4,3,7,-3,4,1.4,4,0,0,0,2,1,0,37,658,14:19,46,26,0,0
Brian Lee\leebr01,23,OTT,D,50,0,3,3,-10,24,0.8,0,0,0,0,3,0,0,35,865,17:17,77,88,0,0
David Legwand\legwada01,30,NSH,C,64,17,24,41,13,24,4.8,15,0,2,3,20,4,0,130,1204,18:48,20,36,395,442
Ville Leino\leinovi01,27,PHI,LW,81,19,34,53,14,22,5.9,14,5,0,2,28,6,0,117,1297,16:01,40,35,78,58
Jordan Leopold\leopojo01,30,BUF,D,71,13,22,35,-11,36,5.6,8,5,0,1,16,6,0,134,1656,23:20,123,49,0,0
Sami Lepisto\lepissa01,26,TOT,D,70,4,12,16,10,55,3.8,4,0,0,0,12,0,0,56,1229,17:33,90,72,1,0
Francis Lessard\lessafr01,31,OTT,D,24,0,0,0,0,78,0.1,0,0,0,0,0,0,0,6,93,3:51,2,36,1,0
Kris Letang\letankr01,23,PIT,D,82,8,42,50,15,101,9.8,4,4,0,2,21,20,1,236,1971,24:02:00,109,167,1,0
Mark Letestu\letesma01,25,PIT,C,64,14,13,27,4,13,3.1,10,4,0,3,11,2,0,128,912,14:15,15,51,407,327
Pierre-Luc Letourneau-Leblond\letoupi01,25,NJD,RW,2,0,0,0,-2,21,-0.1,0,0,0,0,0,0,0,0,7,3:28,0,3,0,0
Trevor Lewis\lewistr01,24,LAK,C,72,3,10,13,-11,6,0,3,0,0,2,10,0,0,105,827,11:29,25,102,151,234
Nicklas Lidstrom*\lidstni01,40,DET,D,82,16,46,62,-2,20,9.5,9,7,0,1,13,32,1,175,1924,23:28,92,49,0,0
David Liffiton\liffida01,26,COL,D,4,1,0,1,3,17,0.5,1,0,0,0,0,0,0,2,30,7:28,3,3,0,0
John-Michael Liles\lilesjo01,30,COL,D,76,6,40,46,-9,35,6.1,3,3,0,0,25,15,0,163,1673,22:01,153,59,0,0
Andreas Lilja\liljaan01,35,ANA,D,52,1,6,7,-15,28,0.5,1,0,0,0,6,0,0,31,907,17:26,113,92,0,0
Bryan Little\littlbr01,23,ATL,C,76,18,30,48,11,33,5.3,14,2,2,1,21,8,1,158,1403,18:27,30,40,607,704
Corey Locke\lockeco01,26,OTT,C,5,0,1,1,-1,0,0,0,0,0,0,1,0,0,6,46,9:10,0,1,7,25
Andrei Loktionov\loktian01,20,LAK,C,19,4,3,7,2,2,0.9,4,0,0,2,2,1,0,26,280,14:46,8,6,23,32
Matthew Lombardi\lombama01,28,NSH,C,2,0,0,0,-1,0,-0.1,0,0,0,0,0,0,0,6,30,14:50,0,0,16,13
Ben Lovejoy\lovejbe01,26,PIT,D,47,3,14,17,11,48,3.9,3,0,0,0,12,1,1,60,705,15:00,60,44,0,0
Milan Lucic\lucicmi01,22,BOS,LW,79,30,32,62,28,121,8.8,25,5,0,7,23,9,0,173,1310,16:35,22,167,21,33
Brad Lukowich\lukowbr01,34,DAL,D,5,0,0,0,2,0,0.2,0,0,0,0,0,0,0,3,51,10:16,6,5,0,0
Mike Lundin\lundimi01,26,TBL,D,69,1,11,12,-3,12,2.5,1,0,0,0,11,0,0,55,1408,20:24,108,25,0,0
Joffrey Lupul\lupuljo01,27,TOT,C,54,14,17,31,-11,33,3,10,4,0,2,8,9,0,129,844,15:37,29,63,12,20
Toni Lydman\lydmato01,33,ANA,D,78,3,22,25,32,42,7.4,3,0,0,0,20,2,0,99,1729,22:10,178,141,0,0
Clarke MacArthur\macarcl01,25,TOR,LW,82,21,41,62,-3,37,6.6,15,6,0,3,28,13,0,154,1403,17:07,20,115,9,7
Andrew MacDonald\macdoan01,24,NYI,D,60,4,23,27,9,37,5.5,3,1,0,1,12,11,0,72,1405,23:25,157,38,0,0
Spencer Machacek\machasp01,22,ATL,RW,10,0,0,0,-2,0,-0.2,0,0,0,0,0,0,0,7,77,7:41,2,22,0,0
Ray Macias\maciara01,24,COL,D,2,0,0,0,-1,2,-0.1,0,0,0,0,0,0,0,0,30,15:06,1,1,0,0
Steve MacIntyre\macinst01,30,EDM,LW,34,0,1,1,-1,93,-0.1,0,0,0,0,1,0,0,6,120,3:32,4,23,0,0
Derek MacKenzie\mackede01,29,CBJ,C,63,9,14,23,14,22,2.8,8,0,1,1,12,1,1,76,683,10:51,26,159,246,227
Brett Maclean\maclebr02,22,PHX,LW,13,2,1,3,0,2,0.3,1,1,0,2,1,0,0,16,114,8:46,0,8,1,1
John Madden\maddejo01,37,MIN,C,76,12,13,25,-9,10,1.8,10,1,1,4,12,1,0,107,1166,15:20,59,43,504,484
Olivier Magnan\magnaol01,24,NJD,D,18,0,0,0,-4,4,0.2,0,0,0,0,0,0,0,8,283,15:43,15,29,0,1
Adam Mair\mairad01,31,NJD,C,65,1,3,4,-16,45,-0.9,1,0,0,0,3,0,0,58,591,9:06,16,63,57,55
Manny Malhotra\malhoma01,30,VAN,C,72,11,19,30,9,22,2.7,7,3,1,2,15,3,1,111,1164,16:10,74,57,778,483
Evgeni Malkin\malkiev01,24,PIT,C,43,15,22,37,-4,18,4.1,10,5,0,3,13,9,0,182,852,19:49,11,32,77,123
Ryan Malone\malonry01,31,TBL,LW,54,14,24,38,-3,51,4.1,5,9,0,1,15,9,0,149,866,16:02,19,125,56,87
Mark Mancari\mancama01,25,BUF,RW,20,1,7,8,-1,12,0.5,0,1,0,0,6,1,0,43,246,12:19,8,16,3,3
Paul Mara\marapa01,31,TOT,D,53,1,5,6,1,88,1.9,1,0,0,1,5,0,0,50,969,18:17,85,88,0,0
Brad Marchand\marchbr03,22,BOS,C,77,21,20,41,25,51,5.8,14,2,5,2,18,1,1,149,1077,13:59,30,89,8,17
Todd Marchant\marchto01,37,ANA,C,79,1,7,8,-18,26,-1.6,1,0,0,0,5,1,1,63,1050,13:17,62,114,263,285
Andrei Markov\markoan01,32,MTL,D,7,1,2,3,2,4,0.8,1,0,0,1,1,1,0,20,160,22:55,5,2,0,0
Patrick Marleau\marlepa01,31,SJS,C,82,37,36,73,-3,16,8.8,24,11,2,9,20,15,1,279,1705,20:47,31,86,288,261
Matt Martin\martima02,21,NYI,LW,68,5,9,14,-13,147,0.3,5,0,0,1,8,0,1,60,745,10:57,47,294,10,17
Paul Martin\martipa01,29,PIT,D,77,3,21,24,9,16,5.7,1,2,0,1,12,8,1,104,1799,23:22,129,45,0,0
Radek Martinek\martira01,34,NYI,D,64,3,13,16,-5,35,2.9,2,1,0,0,13,0,0,97,1334,20:51,128,69,0,0
Alec Martinez\martial01,23,LAK,D,60,5,11,16,11,18,4.6,4,1,0,0,7,4,0,74,917,15:17,73,69,0,0
Brandon Mashinter\mashibr01,22,SJS,LW,13,0,0,0,-2,17,-0.2,0,0,0,0,0,0,0,5,83,6:23,1,16,0,0
Jon Matsumoto\matsujo01,24,CAR,C,13,2,0,2,-4,4,0.1,2,0,0,0,0,0,0,11,92,7:04,4,13,30,53
Shawn Matthias\matthsh01,22,FLA,C,51,6,10,16,0,16,1.4,6,0,0,0,8,2,0,90,604,11:50,20,60,188,182
Greg Mauldin\mauldgr01,28,COL,C,29,5,5,10,5,8,1.3,3,0,2,1,5,0,0,46,306,10:33,11,56,2,5
Ben Maxwell\maxwebe01,22,ATL,C,12,1,1,2,-7,9,-0.2,1,0,0,0,1,0,0,13,144,12:00,2,1,16,20
Jamal Mayers\mayerja01,36,SJS,RW,78,3,11,14,3,124,0.7,3,0,0,0,11,0,0,62,693,8:53,19,105,53,45
Maksim Mayorov\mayorma01,21,CBJ,LW,5,1,0,1,0,0,0.1,1,0,0,0,0,0,0,3,44,8:42,0,4,0,0
Kenndal McArdle\mcardke01,24,FLA,LW,11,0,0,0,-3,16,-0.3,0,0,0,0,0,0,0,6,109,9:57,3,36,1,2
Jamie McBain\mcbaija02,22,CAR,D,76,7,23,30,-8,32,4.7,6,1,0,2,16,7,0,95,1452,19:06,111,41,0,0
Bryan McCabe\mccabbr01,35,TOT,D,67,7,21,28,2,34,5.7,3,4,0,0,12,9,0,122,1311,19:34,72,86,0,0
John McCarthy\mccarjo01,24,SJS,LW,37,2,2,4,-8,8,-0.3,2,0,0,0,2,0,0,41,323,8:45,9,28,13,23
Jay McClement\mccleja01,27,TOT,C,80,7,13,20,-21,30,-0.4,6,1,0,1,12,0,1,127,1335,16:42,63,75,595,557
Cody McCormick\mccorco01,27,BUF,C,81,8,12,20,2,142,1.5,8,0,0,1,11,1,0,104,887,10:57,60,108,132,184
Ryan McDonagh\mcdonry01,21,NYR,D,40,1,8,9,16,14,3.3,1,0,0,1,6,0,2,27,750,18:44,69,56,0,0
Andy McDonald\mcdonan01,33,STL,C,58,20,30,50,18,26,6.5,14,5,1,3,18,12,0,180,1162,20:02,27,40,207,142
Jamie McGinn\mcginja01,22,SJS,LW,49,1,5,6,-6,33,-0.5,1,0,0,0,5,0,0,63,568,11:35,17,101,8,3
Frazer McLaren\mclarfr01,23,SJS,LW,9,0,0,0,-1,22,-0.1,0,0,0,0,0,0,0,1,38,4:15,0,6,0,0
Cody McLeod\mcleoco01,26,COL,LW,71,5,3,8,-7,189,-0.2,3,2,0,0,3,0,0,73,694,9:47,20,147,3,5
Brandon McMillan\mcmilbr01,20,ANA,LW,60,11,10,21,-5,18,1.8,7,2,2,2,7,1,2,77,844,14:04,24,53,114,179
Carson McMillan\mcmilca01,22,MIN,RW,4,1,1,2,1,0,0.3,1,0,0,0,1,0,0,5,37,9:20,1,6,9,14
Adam McQuaid\mcquaad01,24,BOS,D,67,3,12,15,30,96,4.9,3,0,0,0,12,0,0,46,996,14:52,131,102,0,0
Philip McRae\mcraeph01,20,STL,C,15,1,2,3,-10,2,-0.2,1,0,0,0,2,0,0,13,136,9:02,5,8,34,30
Andrej Meszaros\meszaan01,25,PHI,D,81,8,24,32,30,42,7.5,5,3,0,2,21,3,0,144,1711,21:07,139,189,0,0
Marc Methot\methoma01,25,CBJ,D,74,0,15,15,2,58,3,0,0,0,0,14,0,1,58,1472,19:53,98,176,0,0
Freddy Meyer\meyerfr01,30,ATL,D,15,1,1,2,-7,8,-0.1,1,0,0,0,1,0,0,11,229,15:16,33,29,0,0
Stefan Meyer\meyerst01,25,CGY,LW,16,0,2,2,0,17,0,0,0,0,0,2,0,0,12,124,7:45,10,24,7,10
Milan Michalek\michami01,26,OTT,RW,66,18,15,33,-12,49,3.4,13,1,4,0,12,3,0,167,1192,18:04,41,49,4,9
Zbynek Michalek\michazb01,28,PIT,D,73,5,14,19,0,30,4.4,4,1,0,2,11,3,0,104,1594,21:50,149,56,0,0
Antti Miettinen\miettan01,30,MIN,RW,73,16,19,35,-3,38,3.4,8,8,0,4,13,6,0,168,1243,17:02,14,109,36,64
Brendan Mikkelson\mikkebr01,23,TOT,D,24,0,2,2,-6,9,0,0,0,0,0,2,0,0,14,341,14:14,18,21,0,0
Drew Miller\milledr01,26,DET,LW,67,10,8,18,-2,13,1.4,9,0,1,2,8,0,0,85,787,11:45,58,84,4,13
Brad Mills\millsbr01,27,NJD,C,4,1,0,1,1,5,0.2,1,0,0,0,0,0,0,6,33,8:17,2,7,7,10
John Mitchell\mitchjo01,26,TOR,C,23,2,1,3,-7,12,-0.3,1,1,0,1,1,0,0,28,288,12:31,17,31,83,66
Torrey Mitchell\mitchto01,26,SJS,C,66,9,14,23,10,46,2.3,9,0,0,1,14,0,0,116,881,13:21,27,57,99,104
Willie Mitchell\mitchwi01,33,LAK,D,57,5,5,10,4,21,3.8,4,0,1,1,5,0,0,59,1243,21:49,85,35,0,0
Mike Modano*\modanmi01,40,DET,C,40,4,11,15,-4,8,0.9,3,1,0,0,6,5,0,79,498,12:27,10,7,133,141
Fredrik Modin\modinfr01,36,TOT,LW,40,7,3,10,-14,14,0.5,6,0,1,0,3,0,0,54,464,11:36,22,19,8,12
Travis Moen\moentr01,28,MTL,LW,79,6,10,16,-4,96,0.6,5,0,1,0,10,0,0,99,1042,13:11,42,129,8,14
Oscar Moller\molleos01,22,LAK,C,13,1,3,4,-1,2,0.2,1,0,0,0,3,0,0,27,190,14:36,5,10,4,1
Steve Montador\montast01,31,BUF,D,73,5,21,26,16,83,5.8,5,0,0,0,20,1,0,118,1440,19:43,138,86,0,1
Dominic Moore\mooredo01,30,TBL,C,77,18,14,32,-12,52,2.9,12,6,0,3,13,1,0,175,1201,15:36,42,80,475,417
John Moore\moorejo01,20,CBJ,D,2,0,0,0,0,0,0,0,0,0,0,0,0,0,0,23,11:29,2,1,0,0
Mike Moore\mooremi01,26,SJS,D,6,1,0,1,-1,7,0.2,1,0,0,0,0,0,0,5,61,10:07,2,4,0,0
Ethan Moreau\moreaet01,35,CBJ,LW,37,1,5,6,-9,24,-0.5,1,0,0,1,4,1,0,56,462,12:29,23,73,5,12
Jeremy Morin\morinje01,19,CHI,LW,9,2,1,3,2,9,0.4,2,0,0,0,0,1,0,13,109,12:06,2,12,0,0
Travis Morin\morintr01,27,DAL,C,3,0,0,0,0,0,0,0,0,0,0,0,0,0,2,27,8:52,2,1,8,6
Derek Morris\morride01,32,PHX,D,77,5,11,16,-2,58,3.1,4,1,0,1,10,0,1,83,1622,21:04,136,117,2,1
Brendan Morrison\morribr01,35,CGY,C,66,9,34,43,13,16,4.2,5,3,1,1,24,9,1,89,1102,16:42,18,22,378,384
Shaone Morrisonn\morrish01,28,BUF,D,62,1,4,5,-2,32,1.2,1,0,0,1,4,0,0,44,1003,16:10,86,110,0,0
Brenden Morrow\morrobr01,32,DAL,LW,82,33,23,56,-3,76,7.1,23,9,1,5,19,4,0,209,1577,19:14,43,225,1,10
Dave Moss\mossda01,29,CGY,LW,58,17,13,30,9,18,4.1,12,5,0,3,11,2,0,127,794,13:41,32,92,157,207
Mike Mottau\mottami01,32,NYI,D,20,0,3,3,-12,8,-0.3,0,0,0,0,2,1,0,21,407,20:20,33,17,0,0
Matt Moulson\moulsma01,27,NYI,LW,82,31,22,53,-10,24,6.2,22,9,0,3,16,6,0,237,1547,18:52,47,84,5,4
Chris Mueller\muellch01,24,NSH,C,15,0,3,3,0,2,0.1,0,0,0,0,3,0,0,7,130,8:38,0,19,43,46
Marcel Mueller\muellma01,22,TOR,C,3,0,0,0,0,2,-0.1,0,0,0,0,0,0,0,5,30,10:07,0,7,0,1
Andrew Murray\murraan01,29,CBJ,C,29,4,4,8,2,4,0.8,4,0,0,1,3,0,1,48,330,11:23,14,77,19,22
Douglas Murray\murrado01,30,SJS,D,73,1,13,14,5,44,3.3,1,0,0,0,12,1,0,102,1432,19:37,140,203,0,0
Jan Mursak\mursaja01,23,DET,LW,19,1,0,1,-3,4,-0.2,1,0,0,0,0,0,0,20,156,8:12,3,14,3,3
Jake Muzzin\muzzija01,21,LAK,D,11,0,1,1,-2,0,0.2,0,0,0,0,1,0,0,8,151,13:43,2,22,0,0
Tyler Myers\myersty01,20,BUF,D,80,10,27,37,0,40,6.5,7,3,0,5,16,11,0,122,1797,22:27,98,107,0,0
Brendon Nash\nashbr01,23,MTL,D,2,0,0,0,-1,0,-0.1,0,0,0,0,0,0,0,2,20,10:12,6,1,0,0
Rick Nash\nashri01,26,CBJ,LW,75,32,34,66,2,34,8.1,26,6,0,7,26,8,0,305,1420,18:56,19,91,7,17
James Neal\nealja01,23,TOT,LW,79,22,23,45,7,66,5.4,17,5,0,3,18,5,0,212,1382,17:30,26,159,8,15
Chris Neil\neilch01,31,OTT,RW,80,6,10,16,-14,210,0.3,6,0,0,2,10,0,0,105,1021,12:46,21,258,3,3
Greg Nemisz\nemisgr01,20,CGY,C,6,0,1,1,-1,0,0,0,0,0,0,1,0,0,5,31,5:06,2,1,1,2
Kris Newbury\newbukr01,28,NYR,C,11,0,1,1,-1,35,-0.1,0,0,0,0,1,0,0,6,84,7:38,1,19,34,22
Scott Nichol\nichosc01,36,SJS,C,56,4,3,7,-3,50,0.1,4,0,0,0,3,0,0,61,546,9:45,24,114,287,197
Rob Niedermayer\niedero01,36,BUF,C,71,5,14,19,-8,22,0.7,5,0,0,1,14,0,0,80,906,12:46,21,37,129,147
Nino Niederreiter\niedeni01,18,NYI,RW,9,1,1,2,-1,8,0.1,1,0,0,0,1,0,0,12,122,13:36,1,16,0,0
Frans Nielsen\nielsfr01,26,NYI,C,71,13,31,44,13,38,4.7,6,0,7,1,22,8,1,156,1261,17:46,62,22,439,512
Nikita Nikitin\nikitni01,24,STL,D,41,1,8,9,1,10,1.7,1,0,0,0,4,4,0,46,672,16:24,52,40,0,0
Matt Niskanen\niskama01,24,TOT,D,63,1,9,10,-3,50,2,1,0,0,0,4,5,0,77,1041,16:32,66,122,0,0
Andreas Nodl\nodlan01,23,PHI,RW,67,11,11,22,14,16,2.4,9,1,1,2,11,0,0,100,889,13:16,25,111,11,8
Maxim Noreau\noreama01,23,MIN,D,5,0,0,0,-1,0,0,0,0,0,0,0,0,0,8,71,14:17,4,2,0,0
Eric Nystrom\nystrer01,27,MIN,LW,82,4,8,12,-16,30,-0.7,3,1,0,0,8,0,0,83,1091,13:19,31,169,45,86
Jim O'Brien\obrieji01,22,OTT,C,6,0,0,0,-3,2,-0.2,0,0,0,0,0,0,0,11,58,9:40,0,5,8,8
Shane O'Brien\obriesh01,27,NSH,D,80,2,7,9,1,83,2.9,2,0,0,0,7,0,0,50,1369,17:07,80,164,0,0
Ryan O'Byrne\obyrnry01,26,TOT,D,67,0,10,10,-7,75,1.4,0,0,0,0,10,0,0,45,1351,20:09,131,179,0,0
Sean O'Donnell\odonnse01,39,PHI,D,81,1,17,18,8,87,3.2,1,0,0,0,16,0,1,34,1259,15:33,76,53,0,0
Ryan O'Marra\omarrry01,23,EDM,C,21,1,4,5,-2,13,0.2,1,0,0,0,3,1,0,13,231,11:01,9,41,75,103
Cal O'Reilly\oreilca01,24,NSH,C,38,6,12,18,4,2,1.7,5,1,0,1,9,3,0,44,642,16:54,13,5,231,266
Ryan O'Reilly\oreilry01,19,COL,C,74,13,13,26,-7,16,1.7,10,2,1,0,10,2,1,119,1188,16:03,31,53,531,494
Patrick O'Sullivan\osullpa01,25,TOT,C,31,2,6,8,-2,4,0.4,2,0,0,0,3,3,0,50,378,12:11,4,15,20,31
Evan Oberg\obergev01,22,VAN,D,2,0,0,0,0,0,0,0,0,0,0,0,0,0,1,20,9:50,1,2,0,0
Johnny Oduya\oduyajo01,29,ATL,D,82,2,15,17,-15,22,2.3,2,0,0,0,11,4,0,90,1699,20:43,148,64,0,0
Mattias Ohlund\ohlunma01,34,TBL,D,72,0,5,5,-7,70,1.3,0,0,0,0,4,1,0,39,1348,18:43,136,135,0,0
Kyle Okposo\okposky01,22,NYI,RW,38,5,15,20,3,40,1.8,5,0,0,2,10,5,0,72,630,16:35,16,31,36,51
Rostislav Olesz\oleszro01,25,FLA,C,44,6,11,17,-1,8,1.5,5,1,0,1,11,0,0,71,611,13:53,19,68,2,8
Mark Olver\olverma01,23,COL,C,18,2,7,9,-2,18,0.7,2,0,0,0,7,0,0,25,214,11:53,8,27,12,13
Linus Omark\omarkli01,23,EDM,LW,51,5,22,27,-16,26,1.4,4,1,0,0,15,7,0,76,783,15:21,19,13,3,5
Victor Oreskovich\oreskvi01,24,VAN,D,16,0,3,3,1,8,0.5,0,0,0,0,3,0,0,19,126,7:54,7,28,1,1
Brooks Orpik\orpikbr01,30,PIT,D,63,1,12,13,12,66,4,1,0,0,0,9,0,3,56,1316,20:53,94,194,1,0
Colton Orr\orrco01,28,TOR,RW,46,2,0,2,-1,128,0,2,0,0,1,0,0,0,14,233,5:04,9,46,0,1
Jed Ortmeyer\ortmeje01,32,MIN,RW,4,0,0,0,-1,2,-0.1,0,0,0,0,0,0,0,5,38,9:24,0,4,0,0
T.J. Oshie\oshietj01,24,STL,C,49,12,22,34,10,15,3.9,8,3,1,3,16,6,0,103,940,19:11,40,71,100,127
Steve Ott\ottst01,28,DAL,C,82,12,20,32,-9,183,2.1,7,3,2,4,11,7,2,120,1407,17:09,44,252,644,494
Alex Ovechkin\ovechal01,25,WSH,LW,79,32,53,85,24,41,11.1,25,7,0,11,36,17,0,367,1688,21:22,23,239,6,12
Nathan Oystrick\oystrna01,28,STL,D,9,1,2,3,1,9,0.6,0,1,0,0,2,0,0,11,110,12:10,5,6,0,0
Magnus Paajarvi\paajama01,19,EDM,LW,80,15,19,34,-13,16,2.6,12,3,0,0,13,6,0,180,1231,15:23,25,22,1,4
Max Pacioretty\pacioma01,22,MTL,LW,37,14,10,24,-1,39,3.2,7,7,0,2,9,1,0,112,588,15:54,13,67,0,1
Samuel Pahlsson\pahlssa01,33,CBJ,C,82,7,13,20,-13,30,0.1,6,0,1,1,13,0,0,108,1258,15:20,49,162,675,623
Daniel Paille\paillda01,26,BOS,LW,43,6,7,13,3,28,1.3,5,0,1,0,7,0,0,48,486,11:18,17,24,0,0
Kyle Palmieri\palmiky01,19,ANA,C,10,1,0,1,-1,0,0,1,0,0,0,0,0,0,10,87,8:41,1,5,0,0
Nick Palmieri\palmini01,21,NJD,RW,43,9,8,17,9,6,2.5,8,1,0,2,7,1,0,66,616,14:20,8,36,2,0
Aaron Palushaj\palusaa01,21,MTL,RW,3,0,0,0,1,2,0,0,0,0,0,0,0,0,3,26,8:31,1,3,0,1
Adam Pardy\pardyad01,26,CGY,D,30,1,6,7,3,24,1.5,1,0,0,0,5,1,0,36,441,14:41,44,42,0,0
Ryan Parent\parenry01,23,VAN,D,4,0,0,0,-3,0,-0.2,0,0,0,0,0,0,0,3,56,13:54,7,4,0,0
P.A. Parenteau\parenpi01,27,NYI,LW,81,20,33,53,-8,46,5.2,11,9,0,2,22,11,0,161,1476,18:13,28,117,11,19
Zach Parise\parisza01,26,NJD,C,13,3,3,6,-1,6,0.6,3,0,0,1,2,1,0,49,258,19:51,6,13,4,7
Mark Parrish\parrima01,33,BUF,RW,2,0,0,0,-2,0,-0.1,0,0,0,0,0,0,0,0,24,11:47,2,2,0,0
George Parros\parroge01,31,ANA,RW,78,3,1,4,-4,171,-0.3,3,0,0,1,1,0,0,33,500,6:25,26,97,1,3
Scott Parse\parsesc01,26,LAK,C,5,1,3,4,5,0,0.6,1,0,0,0,3,0,0,6,69,13:47,4,2,0,0
Joe Pavelski\paveljo01,26,SJS,C,74,20,46,66,10,24,7.2,8,11,1,5,27,17,2,282,1454,19:39,67,61,554,466
Theo Peckham\peckhth01,23,EDM,D,71,3,10,13,-5,198,2.6,3,0,0,0,10,0,0,41,1320,18:36,123,196,0,0
Rod Pelley\pellero02,26,NJD,C,74,3,7,10,-9,27,0,2,1,0,0,7,0,0,88,874,11:48,36,113,169,151
Dustin Penner\pennedu01,28,TOT,RW,81,23,22,45,-12,47,4.4,16,6,1,3,20,2,0,173,1468,18:07,30,90,131,175
Joel Perrault\perrajo01,27,VAN,C,7,0,0,0,-1,0,-0.1,0,0,0,0,0,0,0,3,50,7:12,2,11,13,18
Mathieu Perreault\perrema01,23,WSH,C,35,7,7,14,-3,20,1.5,6,1,0,1,5,2,0,41,416,11:53,8,13,133,156
David Perron\perroda01,22,STL,LW,10,5,2,7,7,12,1.3,5,0,0,0,1,0,1,29,184,18:25,1,6,0,0
Corey Perry\perryco01,25,ANA,RW,82,50,48,98,9,104,13.3,32,14,4,11,30,17,1,290,1830,22:19,41,64,9,13
Warren Peters\peterwa01,28,MIN,LW,11,1,0,1,-2,4,0,1,0,0,0,0,0,0,11,96,8:43,7,24,49,30
Toby Petersen\peterto01,32,DAL,C,60,2,4,6,-7,8,-0.4,0,0,2,0,4,0,0,58,602,10:02,36,56,46,74
Richard Petiot\petiori01,28,EDM,D,2,0,0,0,1,2,0.1,0,0,0,0,0,0,0,1,26,13:05,4,3,0,0
Jeff Petry\petryje01,23,EDM,D,35,1,4,5,-12,10,0.3,1,0,0,0,1,3,0,41,713,20:22,49,48,0,0
Rich Peverley\peverri01,28,TOT,C,82,18,23,41,-17,37,3.1,10,6,2,3,16,6,1,201,1497,18:15,40,32,643,512
Dion Phaneuf\phanedi01,25,TOR,D,66,8,22,30,-2,88,5.7,5,3,0,1,12,9,1,190,1670,25:18:00,121,186,0,0
Chris Phillips\phillch02,32,OTT,D,82,1,8,9,-35,32,0.9,1,0,0,0,7,1,0,81,1765,21:31,152,116,0,0
Alexandre Picard\picaral01,25,MTL,D,43,3,5,8,0,17,2.1,1,2,0,1,5,0,0,49,706,16:26,59,55,0,0
Alex Pietrangelo\pietral01,21,STL,D,79,11,32,43,18,19,8.9,7,4,0,1,21,10,1,161,1738,22:00,121,57,0,0
Brandon Pirri\pirribr01,19,CHI,C,1,0,0,0,-1,0,-0.1,0,0,0,0,0,0,0,1,9,8:56,1,0,2,4
Fernando Pisani\pisanfe01,34,CHI,RW,60,7,9,16,0,10,1.1,6,1,0,1,9,0,0,72,754,12:34,21,69,34,32
Joni Pitkanen\pitkajo01,27,CAR,D,72,5,30,35,-2,60,5.8,4,1,0,1,19,11,0,144,1802,25:01:00,129,64,0,0
Alex Plante\plantal01,21,EDM,D,3,0,0,0,-2,11,-0.1,0,0,0,0,0,0,0,5,45,15:03,3,4,0,0
Tomas Plekanec\plekato01,28,MTL,C,77,22,35,57,8,60,6.5,18,3,1,4,19,15,1,227,1559,20:15,45,53,788,789
Roman Polak\polakro01,24,STL,D,55,3,9,12,-4,33,2.2,3,0,0,1,9,0,0,54,1098,19:57,78,110,0,1
Jason Pominville\pominja01,28,BUF,RW,73,22,30,52,1,15,5.8,16,5,1,2,21,9,0,215,1325,18:09,50,35,67,88
Alexei Ponikarovsky\ponikal01,30,LAK,LW,61,5,10,15,1,36,1,4,1,0,1,8,2,0,94,769,12:36,28,139,1,4
Chris Porter\portech01,26,STL,C,45,3,4,7,-4,16,0.1,3,0,0,1,4,0,0,55,467,10:23,5,91,12,10
Kevin Porter\porteke01,24,COL,RW,74,14,11,25,-11,27,1.8,13,1,0,3,10,1,0,102,1023,13:49,29,126,19,39
Paul Postma\postmpa01,21,ATL,D,1,0,0,0,0,0,0,0,0,0,0,0,0,0,1,10,9:55,2,1,0,0
Tom Poti\potito01,33,WSH,D,21,2,5,7,-4,8,1.1,2,0,0,0,4,1,0,20,386,18:22,27,7,0,0
Corey Potter\potteco01,27,PIT,D,1,0,0,0,0,0,0,0,0,0,0,0,0,0,1,17,16:43,2,1,0,0
Ryan Potulny\potulry01,26,TOT,C,10,0,0,0,-1,0,-0.2,0,0,0,0,0,0,0,7,79,7:54,1,5,10,16
Benoit Pouliot\poulibe01,24,MTL,LW,79,13,17,30,2,87,3.4,12,1,0,4,17,0,0,129,911,11:32,20,110,10,12
Marc Pouliot\poulima01,25,TBL,C,3,0,0,0,-2,0,-0.1,0,0,0,0,0,0,0,2,32,10:46,0,2,5,8
Darroll Powe\poweda01,25,PHI,C,81,7,10,17,-6,41,0.3,5,0,2,2,9,0,1,87,995,12:17,60,196,66,68
Chris Pronger*\prongch01,36,PHI,D,50,4,21,25,7,44,4.2,1,3,0,1,9,11,1,112,1125,22:30,114,41,0,0
Vinny Prospal\prospva01,35,NYR,C,29,9,14,23,4,8,3,7,2,0,0,6,8,0,61,445,15:20,15,44,69,59
Nate Prosser\prossna01,24,MIN,D,2,0,0,0,0,0,0,0,0,0,0,0,0,0,1,30,14:48,2,0,0,0
Petr Prucha\pruchpe01,28,PHX,C,11,0,1,1,0,4,-0.1,0,0,0,0,1,0,0,10,126,11:28,3,13,3,2
Brandon Prust\prustbr01,26,NYR,LW,82,13,16,29,2,160,2.9,8,0,5,1,13,1,2,87,1133,13:49,36,161,4,5
Teddy Purcell\purcete01,25,TBL,RW,81,17,34,51,5,10,5.7,14,3,0,1,16,18,0,196,1142,14:06,16,21,12,25
Taylor Pyatt\pyattta01,29,PHX,LW,76,18,13,31,11,27,3.5,16,2,0,6,11,2,0,126,1178,15:30,48,143,6,14
Tom Pyatt\pyattto01,23,MTL,C,61,2,5,7,-1,9,-0.1,2,0,0,0,3,0,2,65,649,10:38,34,39,55,55
Kyle Quincey\quincky01,25,COL,D,21,0,1,1,-5,18,0,0,0,0,0,1,0,0,39,411,19:35,26,28,0,0
Brian Rafalski\rafalbr01,37,DET,D,63,4,44,48,11,22,7.4,4,0,0,0,27,17,0,106,1287,20:25,54,49,0,0
Rhett Rakhshani\rakhsrh01,22,NYI,RW,2,0,0,0,-1,0,-0.1,0,0,0,0,0,0,0,2,23,11:43,0,0,0,0
Mason Raymond\raymoma01,25,VAN,LW,70,15,24,39,8,10,4.2,12,2,1,5,20,4,0,197,1106,15:48,14,38,26,39
Marty Reasoner\reasoma01,33,FLA,C,82,14,18,32,2,22,2.9,14,0,0,4,17,1,0,124,1407,17:10,57,71,700,584
Ryan Reaves\reavery01,24,STL,RW,28,2,2,4,-1,78,0.3,2,0,0,1,2,0,0,16,191,6:48,9,86,0,2
Mark Recchi*\recchma01,42,BOS,RW,81,14,34,48,13,35,4.8,8,6,0,6,22,11,1,132,1304,16:06,25,81,52,45
Liam Reddox\reddoli01,25,EDM,LW,44,1,9,10,-8,20,-0.3,1,0,0,0,8,0,1,85,660,15:00,24,76,41,83
Dylan Reese\reesedy01,26,NYI,D,27,0,6,6,-12,15,0,0,0,0,0,6,0,0,23,400,14:49,22,17,0,0
Robyn Regehr\regehro01,30,CGY,D,79,2,15,17,2,58,3.6,1,1,0,0,13,1,1,72,1697,21:29,142,180,0,0
Peter Regin\reginpe01,24,OTT,C,55,3,14,17,-4,12,1,3,0,0,1,12,2,0,87,736,13:23,20,30,132,184
Steve Reinprecht\reinpst01,34,FLA,C,29,4,6,10,-2,6,0.9,3,1,0,1,6,0,0,31,341,11:46,14,20,89,83
Michal Repik\repikmi01,22,FLA,RW,31,2,6,8,-6,22,0.2,2,0,0,0,5,1,0,54,396,12:47,8,47,3,4
Mike Ribeiro\ribeimi01,30,DAL,C,82,19,52,71,-4,28,7,12,7,0,4,36,16,0,161,1637,19:58,33,95,565,648
Brad Richards\richabr01,30,DAL,C,72,28,49,77,1,24,9,21,7,0,3,27,22,0,272,1564,21:43,22,20,501,489
Mike Richards\richami02,25,PHI,C,81,23,43,66,11,62,7.2,15,5,3,4,24,16,3,184,1529,18:53,73,104,606,610
Brad Richardson\richabr02,25,LAK,RW,68,7,12,19,-13,47,1.1,6,0,1,1,12,0,0,103,800,11:46,11,84,92,89
Patrick Rissmiller\rissmpa01,32,TOT,C,10,0,1,1,-1,0,-0.1,0,0,0,0,1,0,0,14,104,10:22,2,17,2,2
Mattias Ritola\ritolma01,23,TBL,C,31,4,4,8,-5,11,0.6,4,0,0,2,4,0,0,42,312,10:04,7,24,19,25
Craig Rivet\rivetcr01,36,TOT,D,37,2,2,4,-12,35,0.1,2,0,0,0,2,0,0,33,543,14:41,36,31,0,0
Stephane Robidas\robidst01,33,DAL,D,81,5,25,30,-7,67,5.1,4,1,0,1,9,14,2,106,1987,24:32:00,135,216,0,0
Bryan Rodney\rodnebr01,26,CAR,D,3,0,0,0,0,2,0,0,0,0,0,0,0,0,3,26,8:44,4,0,0,0
Brian Rolston\rolstbr01,37,NJD,C,65,14,20,34,-6,34,3.7,8,6,0,4,14,5,1,168,1144,17:36,20,67,52,83
Aaron Rome\romeaa01,27,VAN,D,56,1,4,5,1,53,1.7,1,0,0,0,2,2,0,50,975,17:25,59,78,0,0
Jay Rosehill\rosehja01,25,TOR,D,26,1,2,3,-6,71,0.1,1,0,0,0,2,0,0,12,135,5:12,4,36,0,0
Derek Roy\royde01,27,BUF,C,35,10,25,35,-1,16,3.7,8,2,0,1,13,12,0,89,684,19:32,16,16,245,283
Mathieu Roy\royma01,27,TBL,D,4,0,0,0,-2,2,-0.1,0,0,0,0,0,0,0,1,19,4:43,1,4,0,0
Michal Rozsival\rozsimi01,32,TOT,D,65,6,15,21,6,42,4.7,4,2,0,3,9,6,0,55,1365,21:00,108,100,0,0
Mike Rupp\ruppmi01,31,PIT,C,81,9,8,17,-4,124,1.3,9,0,0,1,7,1,0,81,814,10:03,17,181,82,80
Kris Russell\russekr01,23,CBJ,D,73,5,18,23,-9,37,3.3,4,1,0,0,12,5,1,88,1279,17:31,128,63,0,0
Jarkko Ruutu\ruutuja01,35,TOT,LW,73,3,9,12,-2,97,0.3,3,0,0,1,8,0,1,66,830,11:22,29,131,8,12
Tuomo Ruutu\ruututu01,27,CAR,C,82,19,38,57,1,54,6,12,7,0,1,29,9,0,148,1380,16:50,38,307,256,369
Bobby Ryan\ryanbo01,23,ANA,RW,82,34,37,71,15,61,9.2,28,5,1,5,32,5,0,270,1655,20:11,34,156,87,132
Michael Ryder\rydermi01,30,BOS,RW,79,18,23,41,-1,26,4.2,10,8,0,6,17,6,0,165,1144,14:29,19,70,5,3
Rick Rypien\rypieri01,26,VAN,C,9,0,1,1,-5,31,-0.2,0,0,0,0,1,0,0,6,46,5:07,3,13,9,5
Ruslan Salei\saleiru01,36,DET,D,75,2,8,10,0,48,2.1,2,0,0,0,8,0,0,75,1347,17:58,109,117,0,0
Anssi Salmela\salmean01,26,NJD,D,48,1,6,7,-11,14,1.5,1,0,0,1,6,0,0,57,835,17:24,36,48,0,0
Sami Salo\salosa01,36,VAN,D,27,3,4,7,-3,14,1.4,2,1,0,0,2,2,0,39,549,20:21,28,6,0,0
Jerome Samson\samsoje01,23,CAR,RW,23,0,2,2,0,0,-0.1,0,0,0,0,2,0,0,28,158,6:51,3,13,2,1
Sergei Samsonov\samsose01,32,TOT,LW,78,13,27,40,-2,14,3.7,9,4,0,1,18,9,0,123,1205,15:27,34,56,3,8
Mikael Samuelsson\samuemi01,34,VAN,RW,75,18,32,50,8,36,5.5,13,5,0,2,18,14,0,215,1247,16:38,21,76,9,19
Mike Santorelli\santomi01,25,FLA,C,82,20,21,41,-17,20,3.8,14,5,1,1,14,7,0,193,1368,16:41,22,60,518,514
Cory Sarich\saricco01,32,CGY,D,76,4,13,17,11,75,4.3,4,0,0,1,13,0,0,75,1359,17:53,109,175,0,1
Michael Sauer\sauermi01,23,NYR,D,76,3,12,15,20,75,5.2,2,1,0,2,12,0,0,54,1331,17:31,96,78,0,0
Yann Sauve\sauveya01,20,VAN,D,5,0,0,0,-2,0,-0.1,0,0,0,0,0,0,0,6,65,13:00,4,9,0,0
Marc Savard\savarma01,33,BOS,C,25,2,8,10,-7,29,0.2,2,0,0,1,4,4,0,50,395,15:48,4,5,167,161
Raymond Sawada\sawadra01,25,DAL,RW,1,0,0,0,-1,0,-0.1,0,0,0,0,0,0,0,1,6,5:50,0,2,0,0
Luca Sbisa\sbisalu01,21,ANA,D,68,2,9,11,-11,43,1.6,1,1,0,0,7,0,2,76,1142,16:48,85,170,0,0
Marco Scandella\scandma01,20,MIN,D,20,0,2,2,-9,2,-0.2,0,0,0,0,2,0,0,13,299,14:58,22,20,0,0
Dave Scatchard\scatcda01,34,STL,C,8,0,1,1,1,6,0.1,0,0,0,0,1,0,0,6,38,4:45,0,7,12,14
Colton Sceviour\scevico01,21,DAL,C,1,0,0,0,-1,0,-0.1,0,0,0,0,0,0,0,0,5,5:09,0,0,0,0
Peter Schaefer\schaepe01,33,VAN,LW,16,1,1,2,-3,2,-0.1,1,0,0,0,1,0,0,10,155,9:41,7,18,13,20
Brayden Schenn\schenbr01,19,LAK,C,8,0,2,2,-1,0,0,0,0,0,0,2,0,0,11,90,11:15,1,12,17,34
Luke Schenn\schenlu01,21,TOR,D,82,5,17,22,-7,34,4.2,5,0,0,0,16,0,1,128,1834,22:22,168,251,0,0
David Schlemko\schleda01,23,PHX,D,43,4,10,14,8,24,3,4,0,0,0,5,5,0,47,690,16:02,57,56,0,0
Rob Schremp\schrero01,24,TOT,C,63,13,13,26,-20,16,1.9,9,4,0,3,10,3,0,83,885,14:02,21,34,220,255
Jeff Schultz\schulje02,24,WSH,D,72,1,9,10,6,12,3.4,1,0,0,1,7,0,2,34,1424,19:47,135,52,0,0
Nick Schultz\schulni01,28,MIN,D,74,3,14,17,-4,38,3.8,3,0,0,0,12,1,1,46,1496,20:13,132,78,1,0
John Scott\scottjo01,28,CHI,D,40,0,1,1,0,72,0.3,0,0,0,0,1,0,0,15,250,6:15,10,60,0,3
Rob Scuderi\scudero01,32,LAK,D,82,2,13,15,1,16,4.4,2,0,0,1,13,0,0,46,1664,20:17,122,64,0,0
Brent Seabrook\seabrbr01,25,CHI,D,82,9,39,48,0,47,7.7,4,5,0,1,22,15,2,135,2000,24:23:00,154,227,0,0
Daniel Sedin\sedinda01,30,VAN,LW,82,41,63,104,30,32,14.3,23,18,0,10,39,24,0,266,1521,18:33,12,13,4,13
Henrik Sedin\sedinhe01,30,VAN,C,82,19,75,94,26,40,10.5,11,8,0,4,48,27,0,157,1579,19:16,21,15,721,666
Brandon Segal\segalbr01,27,DAL,RW,46,5,5,10,0,41,1,5,0,0,1,5,0,0,40,381,8:17,8,91,2,2
Tyler Seguin\seguity01,19,BOS,C,74,11,11,22,-4,18,1.7,10,1,0,0,9,2,0,131,904,12:13,21,20,150,153
Dennis Seidenberg\seidede01,29,BOS,D,81,7,25,32,3,41,5.3,6,1,0,2,15,10,0,166,1907,23:33,174,161,0,0
Andrej Sekera\sekeran01,24,BUF,D,76,3,26,29,11,34,5.6,3,0,0,0,20,6,0,88,1603,21:06,85,61,0,0
Teemu Selanne*\selante01,40,ANA,RW,73,31,49,80,6,49,10,15,16,0,5,31,18,0,213,1310,17:56,20,15,97,121
Alexander Semin\seminal01,26,WSH,LW,65,28,26,54,22,71,8,21,6,1,4,14,12,0,196,1175,18:04,6,27,4,8
Tim Sestito\sestiti01,26,NJD,LW,36,0,2,2,-5,9,-0.5,0,0,0,0,2,0,0,22,390,10:49,14,79,116,137
Tom Sestito\sestito01,23,CBJ,LW,9,2,2,4,-4,40,0.3,1,1,0,0,1,1,0,7,86,9:32,3,31,1,0
Devin Setoguchi\setogde01,24,SJS,RW,72,22,19,41,-2,37,4.8,18,4,0,5,13,6,0,199,1095,15:12,25,138,5,6
Dan Sexton\sextoda01,23,ANA,RW,47,4,9,13,-6,4,0.6,3,1,0,0,9,0,0,78,545,11:35,20,29,1,3
Ryan Shannon\shannry01,27,OTT,RW,79,11,16,27,3,24,2.8,5,5,1,1,12,4,0,118,1021,12:56,35,34,87,120
Patrick Sharp\sharppa01,29,CHI,C,74,34,37,71,-1,38,8.8,20,12,2,6,22,14,1,268,1437,19:25,26,76,244,264
Kevin Shattenkirk\shattke01,22,TOT,D,72,9,34,43,-4,36,6.5,6,3,0,2,22,12,0,108,1429,19:50,96,66,0,0
Jody Shelley\shelljo01,34,PHI,LW,58,2,2,4,0,127,-0.1,2,0,0,0,2,0,0,31,359,6:11,15,96,2,2
Sergei Shirokov\shirose01,24,VAN,LW,2,1,0,1,1,0,0.2,1,0,0,0,0,0,0,6,21,10:18,0,1,0,0
Jon Sim\simjo01,33,NYI,LW,34,1,3,4,-10,22,-0.5,1,0,0,0,2,1,0,38,388,11:24,12,53,4,5
Wayne Simmonds\simmowa01,22,LAK,RW,80,14,16,30,-2,75,3.1,13,1,0,3,16,0,0,117,1076,13:27,23,125,7,12
Shane Sims\simssh01,22,NYI,D,1,0,0,0,0,0,0,0,0,0,0,0,0,0,0,7,6:34,0,1,0,0
Fredrik Sjostrom\sjostfr01,27,TOR,RW,66,2,3,5,-5,14,-0.8,2,0,0,0,3,0,0,62,740,11:13,33,108,5,10
Jack Skille\skillja01,23,TOT,RW,62,8,11,19,-9,29,1.3,7,1,0,1,11,0,0,154,739,11:55,20,134,3,7
Jeff Skinner\skinnje01,18,CAR,RW,82,31,32,63,3,46,8.1,25,6,0,2,20,12,0,215,1372,16:44,28,70,58,97
Karlis Skrastins\skraska01,36,DAL,D,74,3,5,8,-1,38,2.3,3,0,0,1,4,0,1,30,1328,17:57,139,55,0,1
Jim Slater\slateji01,28,ATL,C,36,5,7,12,4,19,1.4,5,0,0,1,7,0,0,53,381,10:35,16,59,183,111
Tyler Sloan\sloanty01,29,WSH,D,33,1,5,6,-6,14,0.8,1,0,0,0,5,0,0,12,413,12:30,32,29,0,0
Matt Smaby\smabyma01,26,TBL,D,32,0,0,0,2,17,0.4,0,0,0,0,0,0,0,9,224,6:59,18,45,0,0
Ladislav Smid\smidla01,24,EDM,D,78,0,10,10,-10,85,1.8,0,0,0,0,9,1,0,48,1582,20:17,118,145,0,0
Ben Smith\smithbe01,22,CHI,RW,6,1,0,1,1,0,0.1,1,0,0,0,0,0,0,6,83,13:47,5,7,6,2
Derek Smith\smithde05,26,OTT,D,9,0,1,1,3,0,0.6,0,0,0,0,1,0,0,13,138,15:19,11,5,0,0
Zack Smith\smithza01,22,OTT,C,55,4,5,9,-11,120,-0.1,4,0,0,0,5,0,0,78,693,12:36,27,129,209,179
Jerred Smithson\smithje01,31,NSH,C,82,5,8,13,-6,34,-0.4,5,0,0,0,8,0,0,73,1218,14:51,64,162,578,428
Ryan Smyth\smythry01,34,LAK,LW,82,23,24,47,-1,35,5.3,14,9,0,2,19,5,0,195,1479,18:02,18,25,57,75
Vladimir Sobotka\sobotvl01,23,STL,C,65,7,22,29,-4,69,1.9,5,1,1,0,18,4,0,75,1052,16:11,37,137,216,203
Brent Sopel\sopelbr01,34,TOT,D,71,2,5,7,6,16,2.6,2,0,0,0,4,1,0,44,1160,16:21,150,35,0,0
Jaroslav Spacek\spaceja01,36,MTL,D,59,1,15,16,9,45,4.1,1,0,0,0,11,3,1,65,1135,19:15,90,61,0,0
Nick Spaling\spalini01,22,NSH,C,74,8,6,14,-10,20,0.2,7,1,0,2,6,0,0,75,1031,13:56,33,37,253,244
Jason Spezza\spezzja01,27,OTT,C,62,21,36,57,-7,28,6.6,14,7,0,2,25,10,1,188,1252,20:12,24,14,681,529
Jared Spurgeon\spurgja01,21,MIN,D,53,4,8,12,-1,2,2.7,2,2,0,1,4,4,0,38,799,15:04,45,37,0,0
Martin St. Louis*\stlouma01,35,TBL,RW,82,31,68,99,0,12,11.3,27,4,0,7,31,37,0,254,1720,20:59,64,37,50,81
Eric Staal\staaler01,26,CAR,C,81,33,43,76,-10,72,8.4,18,12,3,8,26,17,0,296,1777,21:56,31,80,827,901
Jordan Staal\staaljo01,22,PIT,C,42,11,19,30,7,24,3.3,8,3,0,4,13,4,2,91,897,21:21,13,70,376,425
Marc Staal\staalma01,24,NYR,D,77,7,22,29,8,50,6.9,1,4,2,2,13,7,2,116,1982,25:44:00,109,140,0,0
Drew Stafford\staffdr01,25,BUF,RW,62,31,21,52,13,34,7.8,20,11,0,4,13,8,0,179,1025,16:32,5,53,17,39
Garrett Stafford\staffga01,31,PHX,D,2,0,0,0,0,0,0,0,0,0,0,0,0,0,2,25,12:24,0,4,0,0
Steve Staios\staiost01,37,CGY,D,39,3,7,10,6,24,2.4,2,0,1,0,7,0,0,23,574,14:43,48,42,1,0
Matt Stajan\stajama01,27,CGY,C,76,6,25,31,1,32,2.1,5,0,1,0,23,1,1,81,1081,14:14,24,66,436,409
Viktor Stalberg\stalbvi01,25,CHI,LW,77,12,12,24,2,43,2.5,12,0,0,3,11,1,0,135,824,10:42,25,102,5,4
Steven Stamkos\stamkst01,20,TBL,C,82,45,46,91,3,74,12.2,28,17,0,8,27,19,0,272,1656,20:12,37,84,431,496
Tim Stapleton\staplti01,28,ATL,C,45,5,2,7,-10,12,0,4,1,0,1,2,0,0,44,500,11:07,16,16,109,116
Paul Stastny\stastpa01,25,COL,C,74,22,35,57,-7,56,5.6,17,4,1,3,20,15,0,181,1460,19:44,31,74,810,714
Brad Staubitz\staubbr01,26,MIN,RW,71,4,5,9,-5,173,0.5,4,0,0,1,5,0,0,29,463,6:31,18,133,0,4
David Steckel\steckda01,28,TOT,C,75,6,6,12,-6,26,0.3,5,0,1,1,6,0,0,79,891,11:53,49,103,498,305
Alex Steen\steenal01,26,STL,C,72,20,31,51,-3,26,5.3,17,1,2,5,22,9,0,218,1408,19:33,28,39,41,65
Lee Stempniak\stemple01,27,PHX,RW,82,19,19,38,4,19,4,17,2,0,0,15,4,0,199,1251,15:15,21,124,18,27
Derek Stepan\stepade01,20,NYR,C,82,21,24,45,8,20,5.4,18,3,0,3,17,7,0,166,1348,16:27,26,83,277,442
Brett Sterling\sterlbr01,26,PIT,LW,7,3,2,5,1,16,0.7,2,1,0,0,1,1,0,14,106,15:07,0,7,2,1
Anthony Stewart\stewaan01,26,ATL,C,80,14,25,39,-10,55,3.3,9,5,0,2,20,5,0,141,1198,14:58,35,97,7,11
Chris Stewart\stewach02,23,TOT,RW,62,28,25,53,-6,53,6.7,16,12,0,5,21,4,0,162,1084,17:29,18,56,13,19
Cory Stillman\stillco01,37,TOT,LW,65,12,27,39,5,24,4,9,3,0,2,18,9,0,116,1099,16:55,30,64,17,20
Ryan Stoa\stoary01,23,COL,C,25,2,2,4,-4,20,-0.2,2,0,0,1,0,2,0,45,334,13:21,6,30,2,3
Jarret Stoll\stollja01,28,LAK,C,82,20,23,43,-6,42,4.5,15,4,1,5,13,8,2,187,1407,17:10,41,164,753,557
Clayton Stoner\stonecl01,25,MIN,D,57,2,7,9,5,96,2.9,2,0,0,1,7,0,0,40,961,16:52,81,110,0,0
Zack Stortini\stortza01,25,EDM,RW,32,0,4,4,-2,76,-0.1,0,0,0,0,4,0,0,16,227,7:06,8,46,14,19
Tyson Strachan\stracty01,26,STL,RW,29,0,1,1,-10,39,-0.9,0,0,0,0,1,0,0,28,352,12:08,30,23,0,0
Brian Strait\straibr01,23,PIT,D,3,0,0,0,-1,0,0,0,0,0,0,0,0,0,0,41,13:32,2,2,0,0
Anton Stralman\stralan01,24,CBJ,D,51,1,17,18,-11,22,2,0,1,0,1,8,9,0,80,1006,19:44,46,39,0,0
Jason Strudwick\strudja01,35,EDM,D,43,0,2,2,-16,23,-0.5,0,0,0,0,2,0,0,9,648,15:04,63,43,0,0
Brad Stuart\stuarbr02,31,DET,D,67,3,17,20,4,40,3.7,2,1,0,1,15,1,1,81,1442,21:32,114,131,0,0
Colin Stuart\stuarco01,28,BUF,LW,3,0,0,0,1,2,0,0,0,0,0,0,0,0,5,39,13:09,4,3,1,1
Mark Stuart\stuarma01,26,TOT,D,54,2,4,6,0,47,1.4,2,0,0,1,4,0,0,41,845,15:39,96,107,1,0
Marco Sturm\sturmma01,32,TOT,LW,35,5,11,16,6,23,1.8,4,1,0,1,8,2,1,57,498,14:14,6,23,6,9
P.K. Subban\subbapk01,21,MTL,D,77,14,24,38,-8,124,7.3,5,9,0,3,15,9,0,197,1715,22:16,106,110,0,0
Steve Sullivan\sullist01,36,NSH,C,44,10,12,22,4,28,2.5,7,3,0,1,8,4,0,79,705,16:02,10,18,5,8
Alexander Sulzer\sulzeal01,26,TOT,D,40,1,4,5,-8,14,0.9,1,0,0,0,2,2,0,37,702,17:33,52,38,1,0
Chris Summers\summech01,22,PHX,D,2,0,0,0,-3,4,-0.2,0,0,0,0,0,0,0,0,28,13:52,2,4,0,0
Ryan Suter\suterry01,26,NSH,D,70,4,35,39,20,54,8.5,3,1,0,1,18,16,1,115,1764,25:12:00,84,64,0,1
Brian Sutherby\suthebr01,28,DAL,C,51,2,2,4,-10,58,-0.4,2,0,0,0,2,0,0,32,378,7:25,9,70,19,13
Brandon Sutter\suttebr03,21,CAR,C,82,14,15,29,13,25,2.8,13,1,0,3,12,2,1,145,1382,16:51,72,69,594,739
Brett Sutter\suttebr04,23,TOT,C,5,0,1,1,-1,5,0,0,0,0,0,0,0,1,3,45,8:55,1,3,13,13
Andy Sutton\suttoan01,35,ANA,D,39,0,4,4,1,87,1.1,0,0,0,0,1,1,2,31,575,14:45,87,62,0,0
Marek Svatos\svatoma01,28,TOT,RW,28,4,4,8,0,10,0.8,4,0,0,0,4,0,0,50,328,11:43,10,12,0,0
Lee Sweatt\sweatle01,25,VAN,D,3,1,1,2,4,2,0.7,1,0,0,1,1,0,0,4,40,13:23,6,4,0,0
Danny Syvret\syvreda01,25,TOT,D,10,1,1,2,-3,6,0.2,1,0,0,0,0,1,0,11,151,15:03,7,4,0,0
Jeff Taffe\taffeje01,29,CHI,C,1,0,0,0,0,0,0,0,0,0,0,0,0,0,0,4,4:05,0,0,2,3
Maxime Talbot\talboma01,26,PIT,C,82,8,13,21,-3,66,1,6,0,2,2,12,0,1,117,1236,15:04,40,154,425,449
Henrik Tallinder\tallihe01,32,NJD,D,82,5,11,16,-6,40,5.2,4,0,1,2,9,2,0,102,1848,22:32,74,67,0,0
Jeff Tambellini\tambeje01,26,VAN,LW,62,9,8,17,10,18,1.9,8,1,0,0,5,3,0,114,731,11:47,21,113,19,16
Chris Tanev\tanevch01,21,VAN,D,29,0,1,1,0,0,0.5,0,0,0,0,0,1,0,15,400,13:47,32,10,0,0
Eric Tangradi\tangrer01,21,PIT,LW,15,1,2,3,-4,10,0,1,0,0,0,2,0,0,18,168,11:12,5,25,1,2
Alex Tanguay\tangual01,31,CGY,LW,79,22,47,69,0,24,7.1,19,3,0,2,30,17,0,120,1561,19:46,38,31,42,65
Matt Taormina\taormma01,24,NJD,D,17,3,2,5,-2,2,1.4,2,1,0,0,2,0,0,38,351,20:40,22,12,0,0
Tomas Tatar\tatarto01,20,DET,C,9,1,0,1,0,0,0.1,1,0,0,0,0,0,0,6,86,9:36,0,7,0,0
John Tavares\tavarjo01,20,NYI,C,79,29,38,67,-16,53,7.4,20,9,0,4,23,15,0,243,1521,19:15,23,21,681,616
Mattias Tedenby\tedenma01,20,NJD,LW,58,8,14,22,3,14,2.6,6,2,0,2,11,3,0,87,728,12:33,2,24,0,0
Bill Thomas\thomabi01,27,FLA,RW,24,4,3,7,1,6,0.9,4,0,0,2,3,0,0,33,204,8:30,10,19,13,9
Nate Thompson\thompna01,26,TBL,C,79,10,15,25,-6,29,1.5,9,0,1,2,14,1,0,123,1192,15:05,81,115,360,304
Chris Thorburn\thorbch01,27,ATL,C,82,9,10,19,-4,77,0.9,7,2,0,0,9,1,0,114,1131,13:48,71,128,125,126
Joe Thornton\thornjo01,31,SJS,C,80,21,49,70,4,47,7.2,10,9,2,3,25,24,0,149,1590,19:52,35,56,675,565
Shawn Thornton\thornsh01,33,BOS,RW,79,10,10,20,8,122,2.1,10,0,0,2,10,0,0,151,796,10:05,18,141,17,14
Andreas Thuresson\thurean01,23,NSH,RW,3,0,0,0,-1,2,-0.1,0,0,0,0,0,0,0,2,30,10:09,0,8,0,2
Scott Timmins\timmisc01,21,FLA,C,19,1,0,1,-8,8,-0.4,1,0,0,0,0,0,0,13,206,10:49,11,18,61,69
Kimmo Timonen\timonki01,35,PHI,D,82,6,31,37,11,36,6.3,3,1,2,0,16,15,0,147,1843,22:28,175,96,0,1
Jiri Tlusty\tlustji01,22,CAR,C,57,6,6,12,1,14,1,6,0,0,0,6,0,0,53,562,9:52,19,36,2,13
Jonathan Toews\toewsjo01,22,CHI,C,80,32,44,76,25,26,9.8,21,10,1,8,28,15,1,233,1661,20:46,28,74,937,716
Jordin Tootoo\tootojo01,27,NSH,RW,54,8,10,18,8,61,2.1,8,0,0,1,10,0,0,85,641,11:53,17,95,2,1
Raffi Torres\torrera01,29,VAN,LW,80,14,15,29,4,78,3,11,3,0,4,14,1,0,115,999,12:29,19,134,10,22
Kyle Turris\turriky01,21,PHX,C,65,11,14,25,0,16,2.5,11,0,0,1,13,1,0,116,733,11:16,15,30,270,270
Dana Tyrell\tyrelda01,21,TBL,C,78,6,9,15,-5,12,0.5,6,0,0,1,9,0,0,73,940,12:03,33,47,5,6
Fedor Tyutin\tyutife01,27,CBJ,D,80,7,20,27,-12,32,4.2,6,1,0,0,9,11,0,128,1816,22:42,93,120,1,1
R.J. Umberger\umberrj01,28,CBJ,C,82,25,32,57,3,38,6.1,14,8,3,3,27,5,0,220,1576,19:13,70,114,111,109
Scottie Upshall\upshasc01,27,TOT,RW,82,22,12,34,-7,52,3.6,20,2,0,2,11,1,0,191,1151,14:02,26,108,8,17
Alexander Urbom\urbomal01,20,NJD,D,8,1,0,1,-2,0,0.2,1,0,0,1,0,0,0,5,101,12:35,6,5,0,0
David Van Der Gulik\vandeda01,27,COL,RW,6,1,2,3,4,2,0.5,1,0,0,0,2,0,0,12,41,6:45,3,10,0,1
James van Riemsdyk\vanrija01,21,PHI,LW,75,21,19,40,15,35,5.2,18,3,0,4,18,1,0,173,1090,14:32,25,107,0,3
Jim Vandermeer\vandeji01,30,EDM,D,62,2,12,14,-15,74,1.6,2,0,0,0,9,2,1,57,1128,18:12,78,122,0,0
Chris VandeVelde\vandech01,23,EDM,C,12,0,2,2,-6,12,-0.4,0,0,0,0,2,0,0,16,207,17:17,12,19,84,75
Thomas Vanek\vanekth01,27,BUF,LW,80,32,41,73,2,24,9.1,21,11,0,5,24,17,0,238,1388,17:21,12,30,8,18
Alexander Vasyunov\vasyual01,22,NJD,LW,18,1,4,5,0,0,0.4,1,0,0,0,4,0,0,18,207,11:29,2,6,0,0
Antoine Vermette\vermean01,28,CBJ,C,82,19,28,47,0,60,4.3,15,3,1,3,21,7,0,183,1543,18:49,47,123,856,684
Mike Vernace\vernami01,24,TBL,D,10,0,1,1,-2,2,0,0,0,0,0,1,0,0,6,87,8:42,3,8,0,0
Kris Versteeg\verstkr01,24,TOT,RW,80,21,25,46,-9,53,4.4,14,6,1,0,17,8,0,180,1418,17:44,56,45,63,67
Tomas Vincour\vincoto01,20,DAL,C,24,1,1,2,-5,4,-0.3,1,0,0,0,1,0,0,26,226,9:26,11,36,3,1
Lubomir Visnovsky\visnolu01,34,ANA,D,81,18,50,68,18,24,12.8,13,5,0,4,24,26,0,152,1968,24:18:00,116,52,0,0
Joe Vitale\vitaljo01,25,PIT,C,9,1,1,2,-1,13,0.1,1,0,0,0,0,1,0,13,95,10:34,2,18,36,28
Marc-Edouard Vlasic\vlasima01,23,SJS,D,80,4,14,18,14,18,5,4,0,0,2,13,1,0,116,1669,20:52,147,50,0,0
Anton Volchenkov\volchan01,28,NJD,D,57,0,8,8,3,36,3,0,0,0,0,8,0,0,65,1032,18:06,106,125,0,0
Aaron Volpatti\volpaaa01,25,VAN,RW,15,1,1,2,-1,16,0.1,1,0,0,0,1,0,0,6,102,6:50,3,36,0,0
Jakub Voracek\voracja01,21,CBJ,RW,80,14,32,46,-3,26,3.9,12,2,0,2,26,6,0,183,1358,16:58,22,55,24,41
Aaron Voros\vorosaa01,29,ANA,LW,12,0,0,0,-4,43,-0.3,0,0,0,0,0,0,0,8,67,5:33,1,12,2,1
Radim Vrbata\vrbatra01,29,PHX,RW,79,19,29,48,5,20,5,9,10,0,2,22,7,0,240,1293,16:22,22,42,2,5
Matt Walker\walkema01,30,PHI,D,4,0,0,0,0,4,0,0,0,0,0,0,0,0,3,47,11:38,5,5,0,0
Tim Wallace\wallati01,26,PIT,RW,7,0,0,0,-3,5,-0.2,0,0,0,0,0,0,0,1,56,8:03,2,21,3,0
Niclas Wallin\wallini01,35,SJS,D,74,3,5,8,0,46,2.2,3,0,0,0,5,0,0,86,1172,15:50,84,99,0,0
Tom Wandell\wandeto01,24,DAL,C,75,7,2,9,-5,14,0.1,7,0,0,1,2,0,0,94,882,11:45,49,65,190,245
Joel Ward\wardjo02,30,NSH,RW,80,10,19,29,-1,42,1.9,5,5,0,4,18,0,1,157,1366,17:04,57,67,82,86
Francis Wathier\wathifr01,26,DAL,LW,3,0,0,0,-2,0,-0.1,0,0,0,0,0,0,0,0,12,3:55,0,3,0,0
Mike Weaver\weavemi01,32,FLA,D,82,2,11,13,1,34,4,2,0,0,1,10,1,0,53,1706,20:48,132,98,0,0
Mike Weber\webermi01,23,BUF,D,58,4,13,17,13,69,4.1,4,0,0,0,13,0,0,53,980,16:54,99,158,0,0
Shea Weber\webersh01,25,NSH,D,82,16,32,48,7,56,10.1,9,6,1,3,21,11,0,254,2076,25:19:00,113,211,0,0
Yannick Weber\weberya01,22,MTL,D,41,1,10,11,0,14,2.2,1,0,0,0,5,5,0,63,679,16:34,33,44,0,0
Doug Weight\weighdo01,40,NYI,C,18,2,7,9,-3,10,0.5,1,1,0,0,3,4,0,26,315,17:32,4,9,57,53
Dale Weise\weiseda01,22,NYR,RW,10,0,0,0,-1,19,-0.1,0,0,0,0,0,0,0,9,65,6:30,3,20,0,0
Stephen Weiss\weissst01,27,FLA,C,76,21,28,49,-9,49,4.9,16,3,2,1,12,16,0,172,1528,20:06,44,52,689,590
Noah Welch\welchno01,28,ATL,D,2,0,0,0,-1,0,-0.1,0,0,0,0,0,0,0,1,35,17:33,3,10,0,0
Casey Wellman\wellmca01,23,MIN,C,15,1,1,2,-1,4,0,1,0,0,1,1,0,0,20,160,10:39,3,5,8,8
Eric Wellwood\wellwer01,20,PHI,LW,3,0,1,1,1,2,0.1,0,0,0,0,1,0,0,8,40,13:25,1,4,0,0
Kyle Wellwood\wellwky01,27,SJS,C,35,5,8,13,10,0,1.5,5,0,0,0,7,1,0,50,479,13:41,7,8,65,67
Kevin Westgarth\westgke01,26,LAK,RW,56,0,3,3,-6,105,-0.4,0,0,0,0,3,0,0,20,304,5:26,5,59,2,2
Blake Wheeler\wheelbl01,24,TOT,RW,81,18,26,44,10,46,4.8,18,0,0,2,21,5,0,179,1316,16:15,47,74,52,96
Colin White\whiteco01,33,NJD,D,69,0,6,6,-2,48,2.9,0,0,0,0,5,0,1,50,1301,18:51,100,109,0,0
Ian White\whiteia01,26,TOT,D,78,4,22,26,3,26,4.8,3,1,0,0,17,5,0,138,1559,20:00,144,59,0,0
Ryan White\whitery01,22,MTL,RW,27,2,3,5,5,38,0.6,2,0,0,0,3,0,0,30,241,8:55,8,70,13,19
Todd White\whiteto02,35,NYR,C,18,1,1,2,-2,2,0,1,0,0,0,0,0,1,11,138,7:41,4,1,30,26
Ray Whitney\whitnra01,38,PHX,LW,75,17,40,57,0,24,5.6,14,3,0,1,17,23,0,156,1272,16:57,15,29,45,55
Ryan Whitney\whitnry01,27,EDM,D,35,2,25,27,13,33,5.1,2,0,0,0,16,7,2,43,887,25:20:00,67,29,0,0
Roman Wick\wickro01,25,OTT,RW,7,0,0,0,-4,0,-0.3,0,0,0,0,0,0,0,4,60,8:38,3,2,1,2
Dennis Wideman\widemde01,27,TOT,D,75,10,30,40,-19,39,6.2,1,9,0,1,17,13,0,160,1799,23:59,126,95,1,0
Patrick Wiercioch\wiercpa01,20,OTT,D,8,0,2,2,0,4,0.4,0,0,0,0,1,1,0,3,111,13:54,2,4,0,0
Jason Williams\willija01,30,DAL,C,27,2,3,5,-2,6,0.3,2,0,0,1,2,1,0,18,219,8:07,5,14,18,26
Jeremy Williams\willije01,27,NYR,RW,1,0,0,0,0,0,0,0,0,0,0,0,0,0,0,4,3:43,1,0,0,0
Justin Williams\williju01,29,LAK,RW,73,22,35,57,14,59,7.3,17,5,0,3,27,8,0,213,1259,17:15,29,51,7,7
Brian Willsie\willsbr01,32,WSH,RW,1,0,1,1,0,0,0.1,0,0,0,0,1,0,0,0,6,6:15,2,0,0,0
Clay Wilson\wilsocl01,27,FLA,D,15,3,2,5,4,6,1.5,3,0,0,0,1,1,0,22,223,14:51,11,16,0,0
Colin Wilson\wilsoco01,21,NSH,C,82,16,18,34,9,17,4,14,2,0,2,14,4,0,101,1090,13:18,24,38,108,120
Kyle Wilson\wilsoky01,26,CBJ,C,32,4,7,11,-3,12,0.9,4,0,0,0,7,0,0,38,340,10:38,8,21,63,70
Ryan Wilson\wilsory01,23,COL,D,67,3,13,16,-8,68,2.3,2,1,0,0,12,1,0,62,1327,19:48,110,135,0,0
Brad Winchester\winchbr01,29,TOT,LW,76,10,6,16,-18,114,0.7,7,3,0,1,5,1,0,90,797,10:29,18,171,2,6
Jesse Winchester\winchje01,27,OTT,C,72,4,9,13,-9,42,0.3,4,0,0,0,9,0,0,118,780,10:50,27,101,303,242
Tommy Wingels\wingeto01,22,SJS,C,5,0,0,0,-1,0,-0.1,0,0,0,0,0,0,0,1,26,5:07,1,6,1,2
Daniel Winnik\winnida01,25,COL,C,80,11,15,26,-2,35,1.4,7,2,2,1,11,3,1,167,1324,16:33,52,54,25,44
Ty Wishart\wishaty01,22,NYI,D,20,1,4,5,5,10,1.4,0,1,0,0,3,0,1,23,336,16:49,29,26,0,0
James Wisniewski\wisnija01,26,TOT,D,75,10,41,51,-14,38,7.6,3,7,0,2,19,22,0,158,1721,22:56,119,105,0,0
Wojtek Wolski\wolskwo01,24,TOT,LW,73,12,23,35,6,18,3.5,11,1,0,1,20,3,0,135,1064,14:35,12,47,15,16
Jeff Woywitka\woywije01,27,DAL,D,63,2,9,11,5,24,2.9,1,1,0,0,8,1,0,72,1131,17:57,97,43,0,0
James Wright\wrighja02,20,TBL,C,1,0,0,0,-2,0,-0.1,0,0,0,0,0,0,0,0,5,4:36,0,1,0,2
Keith Yandle\yandlke01,24,PHX,D,82,11,48,59,12,68,9.9,8,3,0,0,24,23,1,199,1999,24:23:00,103,30,0,0
Brandon Yip\yipbr01,25,COL,RW,71,12,10,22,-22,54,0.9,8,3,1,1,8,2,0,127,975,13:44,21,77,5,9
Nolan Yonkman\yonkmno01,29,PHX,D,16,0,1,1,5,39,0.6,0,0,0,0,1,0,0,8,194,12:08,11,41,0,0
Travis Zajac\zajactr01,25,NJD,C,82,13,31,44,-6,24,4.1,10,2,1,1,22,8,1,173,1622,19:47,31,55,707,571
Greg Zanon\zanongr01,30,MIN,D,82,0,7,7,-5,48,2.6,0,0,0,0,5,1,1,55,1767,21:33,212,169,0,0
John Zeiler\zeilejo01,28,LAK,RW,4,0,0,0,-1,0,-0.1,0,0,0,0,0,0,0,1,22,5:36,0,4,5,5
Henrik Zetterberg\zettehe01,30,DET,LW,80,24,56,80,-1,40,8.2,14,10,0,3,35,20,1,306,1567,19:35,19,38,516,468
Vladimir Zharkov\zharkvl01,23,NJD,RW,38,2,2,4,3,2,0.3,2,0,0,0,2,0,0,40,431,11:20,10,14,2,4
Nikolai Zherdev\zherdni01,26,PHI,RW,56,16,6,22,5,22,2.9,15,1,0,1,4,2,0,135,720,12:51,6,39,2,5
Marek Zidlicky\zidlima01,33,MIN,D,46,7,17,24,-6,30,4.2,4,3,0,0,11,6,0,53,1002,21:46,63,66,0,0
Mike Zigomanis\zigommi01,30,TOR,C,8,0,1,1,0,4,0,0,0,0,0,1,0,0,7,56,6:59,3,6,21,19
Andrei Zubarev\zubaran01,23,ATL,D,4,0,1,1,-4,4,-0.2,0,0,0,0,1,0,0,2,80,20:05,8,15,0,0
Dainius Zubrus\zubruda01,32,NJD,RW,79,13,17,30,-11,53,2.6,12,1,0,2,14,2,1,115,1355,17:09,32,107,253,196
Mats Zuccarello\zuccama01,23,NYR,LW,42,6,17,23,3,4,2.4,6,0,0,2,8,9,0,74,595,14:10,19,56,8,7
