Player,Age,Tm,Pos,GP,G,A,PTS,+/-,PIM,PS,EV,PP,SH,GW,EV.1,PP.1,SH.1,S,TOI,ATOI,BLK,HIT,FOW,FOL
Justin Abdelkader\abdelju01,28,DET,LW,82,19,23,42,-16,120,3.8,13,6,0,4,16,7,0,155,1512,18:26,44,207,5,9
Noel Acciari\acciano01,24,BOS,C,19,0,1,1,-4,8,-0.4,0,0,0,0,1,0,0,18,188,9:54,4,52,60,76
Kenny Agostino\agostke01,23,CGY,LW,2,0,0,0,-2,0,-0.1,0,0,0,0,0,0,0,3,27,13:33,0,3,0,0
Andrew Agozzino\agozzan01,25,COL,LW,9,0,2,2,-1,0,0.1,0,0,0,0,1,1,0,3,77,8:34,4,8,24,21
Karl Alzner\alzneka01,27,WSH,D,82,4,17,21,14,26,5.4,4,0,0,1,17,0,0,75,1753,21:23,207,135,0,0
Josh Anderson\anderjo05,21,CBJ,RW,12,1,3,4,0,2,0.3,1,0,0,0,3,0,0,11,128,10:42,4,40,0,0
Joakim Andersson\anderjo03,26,DET,C,29,1,2,3,1,6,0.1,1,0,0,0,2,0,0,17,262,9:01,5,14,32,38
Andy Andreoff\andrean01,24,LAK,LW,60,8,2,10,1,76,1.2,8,0,0,1,2,0,0,46,528,8:48,11,82,134,134
Sven Andrighetto\andrisv01,22,MTL,RW,44,7,10,17,1,6,1.7,6,1,0,0,9,1,0,74,621,14:07,17,71,3,4
Mike Angelidis\angelmi01,30,TBL,LW,4,1,0,1,2,5,0.3,1,0,0,1,0,0,0,1,36,9:00,1,6,10,21
Artem Anisimov\anisiar01,27,CHI,C,77,20,22,42,8,12,4.9,12,5,3,1,16,5,1,121,1393,18:05,40,53,507,641
Josh Archibald\archijo01,23,PIT,RW,1,0,0,0,0,0,0,0,0,0,0,0,0,0,0,5,5:02,1,1,0,0
Mark Arcobello\arcobma01,27,TOR,C,20,3,1,4,0,0,0.4,3,0,0,0,1,0,0,43,254,12:41,3,22,132,110
Joel Armia\armiajo01,22,WPG,RW,43,4,6,10,2,12,0.8,4,0,0,1,4,0,2,52,523,12:10,20,59,0,2
Viktor Arvidsson\arvidvi01,22,NSH,LW,56,8,8,16,-8,35,1.2,7,1,0,3,8,0,0,139,694,12:24,35,27,0,0
Andreas Athanasiou\athanan01,21,DET,C,37,9,5,14,1,5,2.1,8,0,1,1,5,0,0,53,334,9:01,8,17,53,76
Cam Atkinson\atkinca01,26,CBJ,RW,81,27,26,53,-8,22,6.2,21,4,2,3,20,6,0,226,1442,17:48,40,47,2,2
David Backes\backeda01,31,STL,C,79,21,24,45,4,83,5.2,13,8,0,3,19,5,0,168,1519,19:14,63,239,620,572
Mikael Backlund\backlmi01,26,CGY,C,82,21,26,47,10,28,5.5,15,3,3,4,19,6,1,155,1347,16:26,51,68,539,604
Nicklas Backstrom\backsni02,28,WSH,C,75,20,50,70,17,36,8.3,17,3,0,4,23,27,0,129,1439,19:11,50,51,659,698
Sven Baertschi\baertsv01,23,VAN,LW,69,15,13,28,-14,14,2.8,13,2,0,1,8,5,0,108,929,13:27,36,30,0,1
Josh Bailey\bailejo01,26,NYI,RW,81,12,20,32,-7,22,2.5,8,4,0,2,19,1,0,105,1284,15:51,25,45,14,20
Justin Bailey\baileju01,20,BUF,RW,8,0,0,0,-2,2,-0.2,0,0,0,0,0,0,0,22,93,11:36,6,8,0,0
Mark Barberio\barbema01,25,MTL,D,30,2,8,10,0,6,1.7,2,0,0,0,8,0,0,32,450,15:00,18,12,0,0
Aleksander Barkov\barkoal01,20,FLA,C,66,28,31,59,18,8,8.4,18,9,1,8,23,7,1,171,1282,19:26,39,43,569,587
Tyson Barrie\barrity01,24,COL,D,78,13,36,49,-16,31,7.2,9,3,1,5,17,18,1,172,1810,23:12,84,37,0,0
Matt Bartkowski\bartkma01,27,VAN,D,80,6,12,18,-19,50,2.9,6,0,0,0,12,0,0,85,1490,18:37,42,141,0,0
Victor Bartley\bartlvi01,27,TOT,D,10,0,0,0,2,6,0.3,0,0,0,0,0,0,0,8,133,13:19,17,21,0,0
Cody Bass\bassco01,29,NSH,C,17,0,0,0,-1,17,-0.3,0,0,0,0,0,0,0,11,130,7:40,8,26,12,9
Kyle Baun\baunky01,23,CHI,RW,2,0,0,0,-2,0,-0.1,0,0,0,0,0,0,0,1,18,9:03,0,3,0,0
Jay Beagle\beaglja01,30,WSH,RW,57,8,9,17,0,24,1.4,8,0,0,1,9,0,0,74,799,14:01,24,55,370,267
Francois Beauchemin\beaucfr01,35,COL,D,82,8,26,34,-7,38,6,6,2,0,2,15,9,2,127,2057,25:05:00,256,78,0,0
Nathan Beaulieu\beaulna01,23,MTL,D,64,2,17,19,-6,55,2.8,1,1,0,0,15,2,0,74,1117,17:27,89,59,0,0
Taylor Beck\beckta01,24,NYI,LW,2,0,0,0,0,2,0,0,0,0,0,0,0,0,0,17,8:29,0,6,0,0
Matt Beleskey\belesma01,27,BOS,LW,80,15,22,37,6,65,3.9,12,3,0,1,18,4,0,168,1269,15:51,44,260,6,19
Pierre-Edouard Bellemare\bellepi01,30,PHI,LW,74,7,7,14,-8,27,0.4,6,0,1,1,6,0,1,102,1004,13:34,61,65,272,307
Jamie Benn\bennja01,26,DAL,LW,82,41,48,89,7,64,12.1,22,17,2,5,32,13,3,247,1642,20:01,55,156,226,252
Jordie Benn\bennjo01,28,DAL,D,64,3,9,12,2,21,2.2,2,1,0,2,8,0,1,58,1001,15:39,94,90,0,0
Beau Bennett\bennebe01,24,PIT,RW,33,6,6,12,-1,10,1.3,5,1,0,0,4,2,0,52,393,11:54,6,65,2,4
Sam Bennett\bennesa01,19,CGY,C,77,18,18,36,-11,37,3.4,15,3,0,2,13,5,0,136,1166,15:09,32,110,160,187
Andre Benoit\benoian01,32,STL,D,2,0,0,0,1,0,0.1,0,0,0,0,0,0,0,0,27,13:35,5,1,0,0
Patrice Bergeron\bergepa01,30,BOS,C,80,32,36,68,12,49,9,19,12,1,6,21,13,2,282,1587,19:50,56,77,1130,848
Patrik Berglund\berglpa01,27,STL,C,42,10,5,15,1,16,1.8,6,4,0,5,5,0,0,80,651,15:29,17,48,139,138
Steve Bernier\bernist01,30,NYI,RW,24,1,5,6,3,9,0.5,1,0,0,0,5,0,0,27,269,11:14,13,42,0,0
Christoph Bertschy\bertsch02,21,MIN,C,3,0,0,0,0,0,0,0,0,0,0,0,0,0,3,21,6:57,2,7,0,0
Bryan Bickell\bickebr01,29,CHI,LW,25,0,2,2,-5,2,-0.4,0,0,0,0,2,0,0,21,245,9:47,10,58,2,0
Alex Biega\biegaal01,27,VAN,D,51,0,7,7,-11,22,0.9,0,0,0,0,7,0,0,61,855,16:46,41,124,0,0
Kevin Bieksa\biekske01,34,ANA,D,71,4,11,15,-7,99,3.6,2,2,0,1,7,4,0,109,1492,21:01,108,152,0,0
Chris Bigras\bigrach01,20,COL,D,31,1,2,3,-2,16,0.7,1,0,0,0,2,0,0,21,414,13:21,17,17,0,0
Anthony Bitetto\bitetan01,25,NSH,D,28,1,5,6,0,19,1.1,1,0,0,0,5,0,0,19,340,12:08,41,62,0,0
Oliver Bjorkstrand\bjorkol01,20,CBJ,RW,12,4,4,8,6,0,1.3,4,0,0,1,4,0,0,25,192,15:59,5,9,0,0
Nick Bjugstad\bjugsni01,23,FLA,C,67,15,19,34,-8,41,3.4,9,6,0,3,10,9,0,171,1039,15:31,28,87,449,419
Joseph Blandisi\blandjo01,21,NJD,LW,41,5,12,17,-14,34,1.1,1,4,0,1,10,2,0,43,640,15:36,13,39,11,22
Mike Blunden\blundmi01,29,TBL,RW,20,3,2,5,3,34,0.8,3,0,0,1,2,0,0,14,173,8:39,3,41,0,0
Andrew Bodnarchuk\bodnaan01,27,TOT,D,37,0,4,4,-7,14,0.2,0,0,0,0,4,0,0,9,457,12:20,27,44,0,0
Mikkel Boedker\boedkmi01,26,TOT,LW,80,17,34,51,-33,12,3.8,14,3,0,5,18,16,0,166,1481,18:30,31,50,1,2
Zach Bogosian\bogosza01,25,BUF,D,64,7,17,24,-11,68,4.5,4,3,0,1,13,3,1,121,1430,22:21,98,86,0,0
Jared Boll\bollja01,29,CBJ,RW,30,1,2,3,-3,61,0,1,0,0,0,2,0,0,11,200,6:39,15,53,2,0
Dave Bolland\bollada01,29,FLA,C,25,1,4,5,-2,16,0,1,0,0,0,1,3,0,26,352,14:06,9,36,156,185
Brandon Bollig\bollibr01,29,CGY,LW,54,2,2,4,-10,103,-0.7,2,0,0,0,2,0,0,56,502,9:17,25,117,2,1
Nick Bonino\boninni01,27,PIT,C,63,9,20,29,13,31,3,6,2,1,0,20,0,0,97,998,15:50,67,22,463,455
Mark Borowiecki\borowma01,26,OTT,D,63,1,1,2,-4,107,0.2,1,0,0,0,1,0,0,27,922,14:38,99,271,0,1
Robert Bortuzzo\borturo01,26,STL,D,40,2,1,3,2,52,1.3,2,0,0,0,1,0,0,47,531,13:16,42,93,0,0
Reid Boucher\bouchre01,22,NJD,LW,39,8,11,19,-13,6,1.8,6,2,0,4,7,4,0,74,557,14:16,14,32,1,2
Eric Boulton\boulter01,39,NYI,LW,6,0,0,0,-3,2,-0.2,0,0,0,0,0,0,0,3,57,9:29,0,15,0,0
Lance Bouma\boumala01,25,CGY,C,44,2,5,7,-6,31,-0.2,2,0,0,0,3,0,2,49,530,12:02,42,110,5,8
Gabriel Bourque\bourqga01,25,NSH,RW,22,1,3,4,0,18,0.1,1,0,0,0,3,0,0,25,272,12:22,22,55,0,1
Rene Bourque\bourqre01,34,CBJ,RW,49,3,5,8,-9,38,0,3,0,0,0,5,0,0,77,512,10:27,19,82,3,6
Jay Bouwmeester\bouwmja01,32,STL,D,72,3,16,19,-4,18,3.9,2,1,0,0,15,1,0,105,1664,23:07,110,71,0,0
Johnny Boychuk\boychjo01,32,NYI,D,70,9,16,25,17,31,6.6,8,1,0,1,12,4,0,165,1496,21:22,140,149,0,0
Brad Boyes\boyesbr01,33,TOR,RW,60,8,16,24,-6,12,2.1,6,2,0,1,13,3,0,85,718,11:58,17,20,9,5
Brian Boyle\boylebr01,31,TBL,C,76,13,7,20,-7,57,1.9,9,2,2,4,6,1,0,117,981,12:55,48,115,346,336
Dan Boyle\boyleda01,39,NYR,D,74,10,14,24,0,30,4.5,7,3,0,0,7,7,0,95,1392,18:49,105,66,0,0
Tyler Bozak\bozakty01,29,TOR,C,57,12,23,35,-9,18,3.2,9,3,0,1,16,7,0,99,988,17:20,24,46,597,462
Derick Brassard\brassde01,28,NYR,C,80,27,31,58,12,30,7.5,19,8,0,5,17,14,0,182,1431,17:53,23,103,676,670
Justin Braun\braunju01,28,SJS,D,80,4,19,23,11,36,5.4,4,0,0,0,18,1,0,114,1645,20:34,140,95,0,0
T.J. Brennan\brenntj01,26,TOR,D,7,1,0,1,-6,6,-0.2,1,0,0,0,0,0,0,11,106,15:06,5,7,0,0
Connor Brickley\brickco01,23,FLA,C,23,1,4,5,1,14,0.4,1,0,0,1,4,0,0,13,201,8:44,6,46,0,0
T.J. Brodie\broditj01,25,CGY,D,70,6,39,45,4,18,6.9,4,2,0,1,30,7,2,79,1768,25:15:00,104,15,0,0
Jonas Brodin\brodijo01,22,MIN,D,68,2,5,7,-4,18,2.1,2,0,0,0,5,0,0,58,1389,20:25,110,34,0,0
Kyle Brodziak\brodzky01,31,STL,C,76,7,4,11,-1,37,0.7,4,0,3,4,4,0,0,49,821,10:48,37,50,275,281
Troy Brouwer\brouwtr01,30,STL,RW,82,18,21,39,2,62,4.3,11,7,0,4,18,3,0,142,1394,17:00,52,200,65,49
Chris Brown\brownch01,24,WSH,C,1,0,0,0,0,0,0,0,0,0,0,0,0,0,1,8,7:41,0,2,0,0
Connor Brown\brownco02,22,TOR,RW,7,1,5,6,-2,0,0.5,0,1,0,0,1,3,1,11,105,14:58,2,1,0,0
Dustin Brown\browndu01,31,LAK,RW,82,11,17,28,-5,30,1.9,9,2,0,0,15,1,1,218,1326,16:10,20,234,8,9
J.T. Brown\brownjt01,25,TBL,RW,78,8,14,22,16,59,2.4,8,0,0,0,12,0,2,140,1042,13:22,40,103,23,27
Mike Brown\brownmi02,30,TOT,RW,58,2,3,5,-5,90,-0.2,2,0,0,0,3,0,0,51,453,7:48,25,176,3,1
Patrick Brown\brownpa02,23,CAR,C,7,1,1,2,4,4,0.4,1,0,0,0,1,0,0,8,88,12:36,6,11,0,0
Brett Bulmer\bulmebr01,23,MIN,RW,3,0,0,0,-1,7,-0.1,0,0,0,0,0,0,0,2,20,6:43,0,2,0,0
Andre Burakovsky\burakan01,20,WSH,LW,79,17,21,38,4,12,4.6,17,0,0,1,17,4,0,126,1029,13:01,24,37,17,20
Alexander Burmistrov\burmial01,24,WPG,C,81,7,14,21,-11,32,0.4,7,0,0,2,12,1,1,102,1310,16:10,35,125,205,307
Brent Burns\burnsbr01,30,SJS,D,82,27,48,75,-5,53,12.9,19,7,1,4,24,23,1,353,2121,25:52:00,145,101,1,0
Alexandre Burrows\burroal01,34,VAN,RW,79,9,13,22,-13,49,1.1,7,2,0,0,9,4,0,135,1198,15:10,33,81,10,12
Chris Butler\butlech01,29,STL,D,5,0,0,0,-1,4,0,0,0,0,0,0,0,0,4,58,11:30,8,3,0,0
Dustin Byfuglien\byfugdu01,30,WPG,D,81,19,34,53,4,119,9.7,15,3,1,6,19,14,1,247,2041,25:12:00,105,222,0,0
Paul Byron\byronpa01,26,MTL,C,62,11,7,18,-9,11,1.4,8,0,3,2,5,0,2,50,853,13:46,25,112,3,2
Ryan Callahan\callary01,30,TBL,RW,73,10,18,28,-5,45,2.1,8,2,0,1,16,2,0,156,1258,17:14,71,164,21,15
Matt Calvert\calvema01,26,CBJ,LW,73,11,13,24,1,51,2.1,10,1,0,1,13,0,0,114,1104,15:08,46,91,7,7
Mike Cammalleri\cammami01,33,NJD,LW,42,14,24,38,15,18,5.6,11,3,0,1,17,7,0,101,810,19:17,13,15,7,7
Andrew Campbell\campban01,27,TOR,D,6,0,1,1,0,2,0.2,0,0,0,0,1,0,0,1,70,11:35,10,5,0,0
Brian Campbell\campbbr02,36,FLA,D,82,6,25,31,31,26,7.8,5,0,1,1,17,8,0,99,1827,22:17,80,27,0,0
Gregory Campbell\campbgr01,32,CBJ,C,82,3,8,11,-6,78,-0.2,3,0,0,2,8,0,0,58,866,10:34,56,100,229,253
Paul Carey\careypa01,27,WSH,C,4,1,0,1,0,0,0.2,1,0,0,0,0,0,0,5,40,9:58,1,6,0,0
Matt Carle\carlema01,31,TBL,D,64,2,7,9,4,26,2.6,2,0,0,1,7,0,0,54,1074,16:47,91,30,0,0
John Carlson\carlsjo01,26,WSH,D,56,8,31,39,16,14,7.7,6,2,0,4,18,12,1,124,1327,23:42,114,46,0,0
Jordan Caron\caronjo01,25,STL,RW,4,0,0,0,-3,0,-0.2,0,0,0,0,0,0,0,1,33,8:08,0,6,0,0
Ryan Carpenter\carpery01,25,SJS,C,1,0,0,0,0,0,0,0,0,0,0,0,0,0,0,7,7:27,0,1,0,2
Daniel Carr\carrda01,24,MTL,LW,23,6,3,9,0,8,1.2,5,1,0,1,3,0,0,39,278,12:04,5,25,0,0
Connor Carrick\carrico01,21,TOT,D,19,2,2,4,-5,15,0.5,2,0,0,1,1,1,0,21,295,15:32,19,38,0,0
Sam Carrick\carrisa01,23,TOR,C,3,0,0,0,-2,4,-0.1,0,0,0,0,0,0,0,4,34,11:28,0,4,1,0
Trevor Carrick\carritr01,21,CAR,D,2,0,0,0,-1,0,0,0,0,0,0,0,0,0,3,33,16:40,2,1,0,0
Jeff Carter\carteje01,31,LAK,C,77,24,38,62,18,20,8,19,4,1,6,29,8,1,242,1416,18:23,39,89,598,630
Ryan Carter\cartery01,32,MIN,LW,60,7,5,12,-3,48,1,6,0,1,0,5,0,0,62,668,11:08,37,87,21,17
Daniel Catenacci\catenda01,22,BUF,C,11,0,0,0,-2,0,-0.2,0,0,0,0,0,0,0,7,96,8:44,2,22,2,0
Cody Ceci\cecico01,22,OTT,D,75,10,16,26,9,18,5.2,10,0,0,2,14,2,0,116,1448,19:18,130,70,0,0
Michael Chaput\chapumi01,23,CBJ,C,8,1,1,2,3,5,0.3,1,0,0,0,1,0,0,10,72,9:00,3,13,49,26
Zdeno Chara\charazd01,38,BOS,D,80,9,28,37,12,71,7.3,8,1,0,3,17,9,2,158,1928,24:06:00,123,134,0,1
Ben Chiarot\chiarbe01,24,WPG,D,70,1,9,10,-9,43,1.1,1,0,0,0,9,0,0,74,1012,14:27,105,130,0,0
Alex Chiasson\chiasal01,25,OTT,RW,77,8,6,14,2,45,0.6,5,2,1,1,6,0,0,88,1050,13:38,28,103,3,2
Jason Chimera\chimeja01,36,WSH,LW,82,20,20,40,0,22,4.7,14,4,2,3,15,5,0,165,1152,14:03,13,103,8,20
Kyle Chipchura\chipcky01,29,ARI,C,70,4,8,12,-10,38,0.2,4,0,0,1,7,1,0,47,716,10:13,13,73,88,80
Taylor Chorney\chornta01,28,WSH,D,55,1,5,6,8,21,2,1,0,0,0,5,0,0,28,726,13:11,58,56,0,0
Casey Cizikas\cizikca01,24,NYI,C,80,8,21,29,4,31,2.6,7,0,1,4,20,0,2,84,1015,12:41,62,158,469,490
Fredrik Claesson\claesfr01,23,OTT,D,16,0,2,2,-6,2,-0.2,0,0,0,0,2,0,0,15,309,19:17,30,33,0,0
David Clarkson\clarkda03,31,CBJ,RW,23,2,2,4,-8,23,0,2,0,0,1,2,0,0,24,212,9:13,6,45,2,10
Adam Clendening\clendad01,23,TOT,D,29,1,6,7,6,20,1.8,1,0,0,0,6,0,0,43,429,14:48,34,19,0,0
Kyle Clifford\cliffky01,25,LAK,LW,56,3,6,9,-1,55,0.4,3,0,0,0,6,0,0,68,524,9:21,11,111,3,4
Rich Clune\cluneri01,28,TOR,LW,19,0,4,4,1,22,0.2,0,0,0,0,4,0,0,10,154,8:06,5,58,0,0
Cal Clutterbuck\cluttca01,28,NYI,RW,77,15,8,23,7,22,3.1,13,0,2,5,7,0,1,80,918,11:55,34,288,1,2
Braydon Coburn\coburbr01,30,TBL,D,80,1,9,10,12,53,3.6,1,0,0,0,8,0,1,92,1340,16:45,88,111,0,0
Andrew Cogliano\coglian01,28,ANA,LW,82,9,23,32,2,28,3,7,0,2,3,22,0,1,131,1183,14:26,27,124,6,11
Carlo Colaiacovo\colaica01,33,BUF,D,36,1,4,5,-11,10,0.4,1,0,0,0,3,1,0,29,521,14:28,41,36,0,0
Joe Colborne\colbojo01,26,CGY,C,73,19,25,44,-9,27,4.6,16,3,0,2,23,2,0,100,1107,15:10,28,122,85,70
Ian Cole\coleia01,26,PIT,D,70,0,12,12,-3,59,1.8,0,0,0,0,11,1,0,72,1207,17:14,122,122,0,0
Sean Collins\collise02,27,WSH,C,2,0,0,0,-1,2,-0.1,0,0,0,0,0,0,0,0,17,8:32,2,0,0,0
Blake Comeau\comeabl01,29,COL,LW,81,12,24,36,-9,58,2.6,8,2,2,3,18,6,0,142,1428,17:38,35,173,276,290
Erik Condra\condrer01,29,TBL,RW,54,6,5,11,-4,34,0.8,6,0,0,0,5,0,0,58,578,10:42,16,20,1,2
Kevin Connauton\connake01,25,TOT,D,65,5,12,17,7,60,3.9,5,0,0,0,9,3,0,109,1088,16:44,58,100,0,0
Brett Connolly\connobr01,23,BOS,RW,71,9,16,25,-1,20,2.2,7,2,0,2,13,3,0,95,920,12:58,36,137,14,17
Andrew Copp\coppan01,21,WPG,C,77,7,6,13,8,6,1.5,7,0,0,0,6,0,0,54,616,8:00,18,87,224,262
Patrice Cormier\cormipa01,25,WPG,C,2,0,0,0,0,0,0,0,0,0,0,0,0,0,1,9,4:30,0,1,3,6
Frank Corrado\corrafr01,22,TOR,D,39,1,5,6,-12,26,0.4,1,0,0,0,4,1,0,46,564,14:27,37,46,0,0
Nick Cousins\cousini01,22,PHI,C,36,6,5,11,5,4,1.5,6,0,0,1,3,2,0,41,386,10:44,17,38,109,128
Logan Couture\coutulo01,26,SJS,C,52,15,21,36,2,20,4.3,10,5,0,4,11,10,0,137,904,17:23,38,29,271,305
Sean Couturier\coutuse01,23,PHI,C,63,11,28,39,8,30,4,9,2,0,1,22,5,1,119,1172,18:36,30,31,537,568
Jared Cowen\cowenja01,25,OTT,D,37,0,4,4,7,16,1.2,0,0,0,0,4,0,0,23,628,16:59,58,116,0,0
Charlie Coyle\coylech01,23,MIN,C,82,21,21,42,1,16,4.9,19,2,0,4,16,4,1,140,1419,17:18,60,130,228,274
Adam Cracknell\crackad01,30,TOT,RW,52,5,5,10,-1,20,0.7,5,0,0,1,5,0,0,68,636,12:14,25,124,156,239
Sidney Crosby\crosbsi01,28,PIT,C,80,36,49,85,19,42,11.5,26,10,0,9,35,14,0,248,1638,20:28,35,90,986,921
Tommy Cross\crossto01,26,BOS,D,3,0,1,1,-1,0,0,0,0,0,0,0,0,1,0,39,13:05,1,3,0,0
Matt Cullen\cullema01,39,PIT,C,82,16,16,32,5,20,3.6,13,0,3,4,13,0,3,118,1138,13:53,41,40,582,462
Craig Cunningham\cunnicr01,25,ARI,RW,10,0,1,1,-1,2,-0.1,0,0,0,0,1,0,0,13,101,10:05,4,15,2,1
Klas Dahlbeck\dahlbkl01,24,ARI,D,71,2,6,8,-5,28,1.5,2,0,0,0,5,0,1,64,1117,15:44,76,178,0,0
Trevor Daley\daleytr01,32,TOT,D,82,6,22,28,9,34,5.6,5,1,0,0,14,8,0,130,1512,18:26,79,42,0,1
Zac Dalpe\dalpeza01,26,MIN,C,2,1,0,1,0,0,0.2,1,0,0,0,0,0,0,3,21,10:15,0,3,11,6
Phillip Danault\danauph01,22,TOT,C,51,4,6,10,-5,14,0.3,4,0,0,1,6,0,0,72,651,12:45,28,45,247,272
Marko Dano\danoma01,21,TOT,C,34,5,5,10,-7,10,0.7,5,0,0,0,4,1,0,54,417,12:15,15,62,2,4
Pavel Datsyuk\datsypa01,37,DET,C,66,16,33,49,7,14,5.6,8,8,0,1,21,12,0,181,1297,19:39,33,70,599,517
Laurent Dauphin\dauphla01,20,ARI,C,8,1,0,1,0,4,0.1,1,0,0,0,0,0,0,7,91,11:19,7,6,32,41
Brandon Davidson\davidbr01,24,EDM,D,51,4,7,11,7,20,3.4,2,2,0,0,6,0,1,63,979,19:12,92,74,0,0
Calvin de Haan\dehaaca01,24,NYI,D,72,2,14,16,3,20,3.6,2,0,0,0,13,1,0,102,1486,20:38,198,128,0,1
Jacob de La Rose\delarja01,20,MTL,LW,22,0,1,1,-6,6,-0.6,0,0,0,0,1,0,0,20,274,12:26,19,39,67,63
Chase De Leo\deleoch01,20,WPG,C,2,0,0,0,1,0,0,0,0,0,0,0,0,0,2,19,9:25,0,0,1,0
Danny DeKeyser\dekeyda01,25,DET,D,78,8,12,20,2,44,5.2,8,0,0,3,12,0,0,72,1701,21:48,107,88,0,0
Michael Del Zotto\delzomi01,25,PHI,D,52,4,9,13,-8,16,2.3,4,0,0,1,8,1,0,98,1217,23:25,104,140,0,0
Dylan DeMelo\demeldy01,22,SJS,D,45,2,2,4,0,14,1.2,0,2,0,0,0,2,0,42,613,13:37,35,39,0,0
Jason Demers\demerja01,27,DAL,D,62,7,16,23,16,72,5.2,3,3,1,1,14,2,0,94,1294,20:52,73,86,0,0
David Desharnais\deshada01,29,MTL,C,65,11,18,29,-6,20,2.5,8,3,0,4,16,2,0,90,1040,16:00,25,31,391,412
Andrew Desjardins\desjaan01,29,CHI,LW,77,8,5,13,-8,30,0.3,8,0,0,1,5,0,0,96,1030,13:23,49,102,43,44
Nicolas Deslauriers\deslani01,24,BUF,LW,70,6,6,12,-14,59,0.4,6,0,0,1,6,0,0,72,723,10:20,30,206,0,1
Simon Despres\desprsi01,24,ANA,D,32,0,4,4,2,8,1.5,0,0,0,0,3,1,0,32,628,19:38,71,67,0,0
Phillip Di Giuseppe\digiuph01,22,CAR,LW,41,7,10,17,0,18,1.9,7,0,0,1,10,0,0,68,585,14:16,21,113,7,13
Jason Dickinson\dickija01,20,DAL,C,1,1,0,1,1,0,0.2,1,0,0,0,0,0,0,2,12,11:55,1,0,1,6
Darren Dietz\dietzda01,22,MTL,D,13,1,4,5,-1,13,0.8,1,0,0,0,4,0,0,13,189,14:32,14,38,0,0
Brenden Dillon\dillobr01,25,SJS,D,76,2,9,11,8,61,3.3,2,0,0,1,9,0,0,93,1268,16:41,89,154,0,0
Shane Doan\doansh01,39,ARI,RW,72,28,19,47,4,98,6.5,16,12,0,4,14,5,0,170,1267,17:36,15,115,74,69
Max Domi\domima01,20,ARI,LW,81,18,34,52,3,72,5.8,15,3,0,0,21,12,1,156,1326,16:22,25,34,20,35
Joonas Donskoi\donskjo01,23,SJS,RW,76,11,25,36,4,20,3.7,8,3,0,1,20,5,0,107,1076,14:09,46,31,2,1
Derek Dorsett\dorsede01,29,VAN,RW,71,5,11,16,-13,177,0.5,5,0,0,0,10,0,1,91,894,12:35,44,127,3,7
Drew Doughty\doughdr01,26,LAK,D,82,14,37,51,24,52,11.6,4,9,1,3,21,15,1,197,2297,28:01:00,105,125,0,0
Nic Dowd\dowdni01,25,LAK,C,5,0,0,0,1,2,0,0,0,0,0,0,0,0,3,53,10:35,0,6,18,16
Steve Downie\downist01,28,ARI,RW,26,3,3,6,1,53,0.7,3,0,0,0,3,0,0,22,234,9:00,7,29,2,2
Leon Draisaitl\draisle01,20,EDM,C,72,19,32,51,-2,20,5.8,14,5,0,2,28,4,0,133,1300,18:03,18,38,502,536
Jonathan Drouin\drouijo01,20,TBL,LW,21,4,6,10,1,4,1.2,4,0,0,1,4,2,0,25,303,14:27,2,18,9,10
Brandon Dubinsky\dubinbr01,29,CBJ,C,75,17,31,48,-16,71,4.3,12,5,0,3,26,5,0,158,1407,18:46,40,235,780,704
Matt Duchene\duchema01,25,COL,C,76,30,29,59,-8,24,7.2,22,8,0,6,22,7,0,200,1413,18:35,37,41,428,311
Anthony Duclair\duclaan01,20,ARI,LW,81,20,24,44,12,49,5.8,12,8,0,2,20,4,0,105,1164,14:22,27,27,0,1
Mathew Dumba\dumbama01,21,MIN,D,81,10,16,26,1,38,5.6,4,6,0,3,10,6,0,152,1364,16:50,56,83,0,0
Brian Dumoulin\dumoubr01,24,PIT,D,79,0,16,16,11,14,3.7,0,0,0,0,16,0,0,101,1492,18:53,68,77,1,0
Pascal Dupuis\dupuipa01,36,PIT,RW,18,2,2,4,-1,12,0.1,2,0,0,0,2,0,0,28,272,15:06,12,35,2,1
Ryan Dzingel\dzingry01,23,OTT,LW,30,3,6,9,4,11,0.9,3,0,0,0,6,0,0,23,324,10:48,4,54,2,2
David Dziurzynski\dziurda01,26,OTT,LW,14,1,3,4,-4,9,0.1,1,0,0,0,3,0,0,14,141,10:05,7,55,3,4
Cody Eakin\eakinco01,24,DAL,C,82,16,19,35,3,42,3.4,11,2,3,1,16,2,1,132,1342,16:22,47,98,567,621
Patrick Eaves\eavespa01,31,DAL,RW,54,11,6,17,-5,27,1.7,6,5,0,2,4,2,0,86,700,12:58,20,70,3,8
Jordan Eberle\eberljo01,25,EDM,RW,69,25,22,47,-12,14,5.7,18,7,0,4,18,4,0,173,1232,17:51,23,28,5,3
Alexander Edler\edleral01,29,VAN,D,52,6,14,20,-8,46,3.8,3,3,0,0,8,6,0,111,1272,24:27:00,106,84,0,0
Joel Edmundson\edmunjo01,22,STL,D,67,1,8,9,0,63,2.2,1,0,0,0,8,0,0,90,1000,14:56,62,165,0,0
Nikolaj Ehlers\ehlerni01,19,WPG,RW,72,15,23,38,3,21,4.1,11,4,0,0,16,7,0,167,1159,16:06,25,29,0,2
Christian Ehrhoff\ehrhoch01,33,TOT,D,48,2,10,12,-11,34,1.3,2,0,0,0,2,8,0,80,743,15:29,35,39,0,0
Jack Eichel\eicheja01,19,BUF,C,81,24,32,56,-16,22,6.3,16,8,0,5,19,13,0,238,1549,19:07,25,43,402,578
Aaron Ekblad\ekblaaa01,19,FLA,D,78,15,21,36,18,41,8.2,12,3,0,4,15,6,0,182,1691,21:41,59,87,0,0
Mattias Ekholm\ekholma01,25,NSH,D,82,8,27,35,14,44,7.8,6,1,1,3,22,4,1,114,1660,20:15,106,67,0,0
Oliver Ekman-Larsson\ekmanol01,24,ARI,D,75,21,34,55,-6,96,9.5,9,12,0,8,19,15,0,228,1858,24:46:00,67,154,0,0
Patrik Elias\eliaspa01,39,NJD,C,16,2,6,8,5,10,1,2,0,0,0,4,2,0,21,247,15:26,1,10,9,19
Lars Eller\ellerla01,26,MTL,C,79,13,13,26,-13,28,1.8,11,1,1,2,13,0,0,149,1205,15:15,36,111,207,202
Stefan Elliott\elliost01,25,TOT,D,21,2,4,6,-3,4,0.9,2,0,0,0,4,0,0,37,298,14:10,18,12,0,0
Morgan Ellis\ellismo01,23,MTL,D,3,0,0,0,0,2,0,0,0,0,0,0,0,0,3,27,8:57,2,1,0,0
Ryan Ellis\ellisry01,25,NSH,D,79,10,22,32,13,35,7.6,6,3,1,2,18,4,0,152,1651,20:54,100,61,0,0
Turner Elson\elsontu01,23,CGY,LW,1,0,1,1,1,0,0.1,0,0,0,0,1,0,0,0,15,14:54,0,2,0,0
Alexei Emelin\emelial01,29,MTL,D,72,0,12,12,-7,71,2.1,0,0,0,0,12,0,0,71,1476,20:30,113,256,0,0
Deryk Engelland\engelde01,33,CGY,D,69,3,9,12,7,54,2.8,3,0,0,0,8,0,1,71,1051,15:14,107,105,0,0
Tyler Ennis\ennisty01,26,BUF,C,23,3,8,11,-9,11,0.6,1,2,0,0,6,2,0,57,416,18:04,8,30,2,0
Toby Enstrom\enstrto01,31,WPG,D,72,2,14,16,8,44,3.6,2,0,0,0,13,1,0,50,1502,20:51,96,25,0,0
Jonathan Ericsson\ericsjo01,31,DET,D,71,3,12,15,2,56,3.7,3,0,0,0,12,0,0,68,1316,18:32,48,121,0,0
Loui Eriksson\erikslo01,30,BOS,RW,82,30,33,63,13,12,8.2,18,10,2,5,25,7,1,184,1598,19:29,34,22,12,9
Emerson Etem\etemem01,23,TOT,RW,58,7,8,15,-12,11,0.7,7,0,0,1,8,0,0,100,763,13:09,43,87,2,2
Dennis Everberg\everbde01,24,COL,RW,15,0,0,0,-5,0,-0.4,0,0,0,0,0,0,0,9,134,8:57,12,11,0,0
Robby Fabbri\fabbrro01,20,STL,C,72,18,19,37,-2,25,4.6,16,2,0,3,13,6,0,114,959,13:19,9,51,6,9
Radek Faksa\faksara01,22,DAL,C,45,5,7,12,9,16,1.3,5,0,0,1,6,1,0,67,556,12:21,33,48,197,204
Justin Falk\falkju01,27,CBJ,D,24,0,4,4,2,17,0.9,0,0,0,0,4,0,0,16,341,14:14,38,37,0,0
Bobby Farnham\farnhbo01,27,TOT,RW,53,8,2,10,-2,97,1.3,8,0,0,0,2,0,0,50,494,9:19,19,93,2,2
Hudson Fasching\faschhu01,20,BUF,RW,7,1,1,2,2,4,0.3,1,0,0,0,1,0,0,9,81,11:31,1,8,0,0
Jesper Fast\fastje01,24,NYR,RW,79,10,20,30,9,18,2.7,10,0,0,3,20,0,0,75,1180,14:56,55,109,1,5
Justin Faulk\faulkju01,23,CAR,D,64,16,21,37,-22,27,6.4,4,12,0,4,16,5,0,184,1539,24:03:00,65,109,0,1
Mark Fayne\faynema01,28,EDM,D,69,2,5,7,-6,18,1.8,2,0,0,0,4,0,1,61,1153,16:43,100,53,0,0
Taylor Fedun\fedunta01,27,VAN,D,1,0,1,1,1,0,0.2,0,0,0,0,1,0,0,0,19,18:48,3,3,0,0
Eric Fehr\fehrer01,30,PIT,C,55,8,6,14,0,19,1.2,4,0,4,2,5,1,0,74,718,13:03,45,60,107,135
Andrew Ference\ferenan01,36,EDM,D,6,0,0,0,-4,6,-0.3,0,0,0,0,0,0,0,4,78,13:04,5,10,0,0
Micheal Ferland\ferlami01,23,CGY,LW,71,4,14,18,-15,45,0.2,3,1,0,0,13,1,0,122,896,12:37,22,207,7,5
Landon Ferraro\ferrala01,24,TOT,C,68,5,5,10,-11,27,0,5,0,0,1,5,0,0,77,722,10:37,29,101,29,57
Kevin Fiala\fialake01,19,NSH,LW,5,1,0,1,0,0,0.1,1,0,0,0,0,0,0,11,66,13:09,2,2,0,0
Vernon Fiddler\fiddlve01,35,DAL,C,82,12,10,22,5,31,2.3,9,1,2,0,7,1,2,98,954,11:38,39,42,455,442
Valtteri Filppula\filppva01,31,TBL,C,76,8,23,31,-6,46,2,6,1,1,2,16,7,0,101,1388,18:15,25,30,632,584
Mike Fisher\fishemi01,35,NSH,C,70,13,10,23,-14,29,1.5,10,3,0,2,7,2,1,98,1201,17:10,74,142,668,582
Tomas Fleischmann\fleisto01,31,TOT,LW,76,14,11,25,-8,32,2.1,13,0,1,3,10,1,0,123,1156,15:13,19,40,24,19
Brian Flynn\flynnbr01,27,MTL,C,56,4,6,10,-3,6,0.3,3,0,1,0,5,0,1,73,657,11:44,33,23,200,146
Marcus Foligno\foligma01,24,BUF,LW,75,10,13,23,4,79,2.5,8,0,2,2,11,2,0,81,989,13:11,44,193,1,3
Nick Foligno\foligni01,28,CBJ,LW,72,12,25,37,-14,53,2.9,12,0,0,2,12,13,0,149,1216,16:54,46,152,83,93
Christian Folin\folinch01,24,MIN,D,26,0,4,4,-1,11,0.8,0,0,0,0,4,0,0,14,379,14:35,30,38,0,0
Justin Fontaine\fontaju01,28,MIN,RW,60,5,11,16,3,20,1.4,5,0,0,1,10,0,1,54,711,11:51,24,9,1,3
Derek Forbort\forbode01,23,LAK,D,14,1,1,2,-1,17,0.4,1,0,0,0,1,0,0,14,155,11:03,7,9,0,0
Filip Forsberg\forsbfi01,21,NSH,LW,82,33,31,64,1,47,8.5,24,8,1,3,16,15,0,247,1562,19:03,41,114,2,7
Cam Fowler\fowleca01,24,ANA,D,69,5,23,28,-8,27,5.2,2,3,0,0,9,14,0,113,1572,22:47,112,43,0,0
Cody Franson\fransco01,28,BUF,D,59,4,13,17,-5,26,3.3,3,1,0,1,7,6,0,92,993,16:50,56,61,0,0
Johan Franzen\franzjo01,36,DET,RW,2,0,1,1,0,2,0.1,0,0,0,0,0,1,0,3,26,12:57,0,3,0,1
Max Friberg\fribema01,23,ANA,LW,5,0,0,0,-1,2,-0.1,0,0,0,0,0,0,0,1,44,8:50,2,7,0,0
Alex Friesen\friesal01,25,VAN,C,1,0,0,0,-2,0,-0.1,0,0,0,0,0,0,0,1,12,11:43,0,1,0,1
Byron Froese\froesby01,24,TOR,C,56,2,3,5,-11,16,-0.8,2,0,0,0,3,0,0,64,707,12:38,23,51,310,332
Michael Frolik\frolimi01,27,CGY,RW,64,15,17,32,1,24,3.4,13,0,2,4,14,1,2,155,1012,15:49,44,49,5,5
Marian Gaborik\gaborma01,33,LAK,RW,54,12,10,22,-6,20,2.2,11,1,0,3,7,3,0,142,807,14:57,17,29,1,2
Kurtis Gabriel\gabriku01,22,MIN,RW,3,0,0,0,1,10,0,0,0,0,0,0,0,0,1,13,4:30,0,4,0,0
Sam Gagner\gagnesa01,26,PHI,C,53,8,8,16,4,25,1.6,6,2,0,2,7,1,0,86,735,13:52,15,17,34,63
Alex Galchenyuk\galchal01,21,MTL,C,82,30,26,56,-8,20,7,21,9,0,4,19,7,0,201,1333,16:16,36,62,359,390
Stanislav Galiev\galiest01,24,WSH,RW,24,0,3,3,2,4,0,0,0,0,0,3,0,0,30,219,9:07,4,14,0,0
Brendan Gallagher\gallabr01,23,MTL,RW,53,19,21,40,13,24,5.6,12,7,0,0,18,3,0,173,879,16:35,25,43,12,17
Ryan Garbutt\garbury01,30,TOT,C,80,7,7,14,-11,48,0.5,6,0,1,3,7,0,0,135,867,10:50,28,165,1,7
Jake Gardiner\gardija01,25,TOR,D,79,7,24,31,-15,32,4.7,6,1,0,2,12,11,1,122,1629,20:37,67,87,2,0
Jason Garrison\garrija01,31,TBL,D,72,5,6,11,-4,18,2.8,5,0,0,1,6,0,0,99,1329,18:28,105,88,0,0
Tyler Gaudet\gaudety01,22,ARI,C,14,1,2,3,-2,0,0.1,1,0,0,0,2,0,0,6,148,10:36,4,23,43,49
Johnny Gaudreau\gaudrjo01,22,CGY,LW,79,30,48,78,4,20,9.2,24,6,0,6,33,15,0,217,1575,19:56,10,26,2,3
Brendan Gaunce\gauncbr01,21,VAN,C,20,1,0,1,-9,2,-0.5,1,0,0,0,0,0,0,34,255,12:46,3,34,49,58
Paul Gaustad\gaustpa01,33,NSH,C,63,2,4,6,-4,46,-0.4,1,0,1,0,3,0,1,46,708,11:15,33,114,427,345
Frederik Gauthier\gauthfr01,20,TOR,C,7,0,1,1,-5,0,-0.3,0,0,0,0,0,0,1,3,97,13:51,7,10,52,58
Luke Gazdic\gazdilu01,26,EDM,LW,29,1,0,1,-6,24,-0.3,1,0,0,0,0,0,0,18,180,6:12,9,35,0,1
Eric Gelinas\geliner01,24,TOT,D,40,1,5,6,-6,16,1.2,0,1,0,0,2,3,0,55,553,13:50,23,61,0,0
Nathan Gerbe\gerbena01,28,CAR,LW,47,3,4,7,-15,14,-0.4,3,0,0,0,3,1,0,73,633,13:28,10,54,2,3
Ryan Getzlaf\getzlry01,30,ANA,C,77,13,50,63,14,55,7,7,6,0,5,33,16,1,178,1502,19:30,61,108,602,617
Tom Gilbert\gilbeto01,33,MTL,D,45,1,1,2,3,12,1.3,1,0,0,0,0,0,1,36,759,16:52,88,29,0,0
Brian Gionta\giontbr01,37,BUF,RW,79,12,21,33,-5,12,2.9,11,1,0,2,16,5,0,169,1401,17:44,36,46,54,66
Stephen Gionta\giontst01,32,NJD,C,82,1,10,11,-13,43,-0.5,1,0,0,0,10,0,0,62,1001,12:13,36,113,291,400
Mark Giordano\giordma01,32,CGY,D,82,21,35,56,-5,54,9.2,11,9,1,2,23,10,2,212,2032,24:47:00,193,65,0,0
Dan Girardi\girarda01,31,NYR,D,74,2,15,17,18,20,4.3,2,0,0,1,14,0,1,77,1504,20:19,195,168,0,0
Zemgus Girgensons\girgeze01,22,BUF,C,71,7,11,18,0,20,1.3,6,1,0,1,9,1,1,110,1068,15:02,41,125,153,182
Claude Giroux\giroucl01,28,PHI,C,78,22,45,67,-8,53,6.9,15,6,1,5,23,21,1,241,1603,20:33,36,83,1083,798
Tanner Glass\glassta01,32,NYR,LW,57,4,3,7,-3,66,0,4,0,0,0,3,0,0,49,586,10:17,18,224,6,14
Luke Glendening\glendlu01,26,DET,C,81,8,13,21,4,46,1.5,8,0,0,3,13,0,0,88,1181,14:35,71,143,614,511
Nikolay Goldobin\goldoni01,20,SJS,LW,9,1,1,2,1,0,0.2,1,0,0,0,1,0,0,7,101,11:11,1,0,0,0
Alex Goligoski\goligal01,30,DAL,D,82,5,32,37,21,34,7.2,4,1,0,1,27,4,1,127,1954,23:50,159,100,0,0
Cody Goloubef\golouco01,26,CBJ,D,43,1,7,8,-3,20,1.3,1,0,0,0,7,0,0,40,650,15:08,48,31,0,0
Scott Gomez\gomezsc01,36,TOT,C,34,1,8,9,-7,6,0.2,1,0,0,1,4,4,0,20,385,11:20,10,3,125,152
Barclay Goodrow\goodrba01,22,SJS,RW,14,0,3,3,1,16,0.2,0,0,0,0,2,0,1,7,144,10:16,4,8,4,2
Boyd Gordon\gordobo01,32,ARI,C,65,2,2,4,-7,10,-1,1,0,1,0,2,0,0,53,793,12:12,51,21,525,383
Josh Gorges\gorgejo01,31,BUF,D,77,2,10,12,-7,72,3.1,2,0,0,0,10,0,0,57,1576,20:28,167,143,0,0
Brandon Gormley\gormlbr01,23,COL,D,26,0,1,1,-3,8,0.2,0,0,0,0,1,0,0,11,317,12:11,19,18,0,0
Shayne Gostisbehere\gostish01,22,PHI,D,64,17,29,46,8,24,8.9,9,8,0,5,15,14,0,152,1286,20:05,59,27,1,0
Yanni Gourde\gourdya01,24,TBL,C,2,0,1,1,1,2,0.1,0,0,0,0,1,0,0,0,15,7:19,1,2,0,0
Michael Grabner\grabnmi01,28,TOR,RW,80,9,9,18,-4,12,1,8,0,1,2,9,0,0,116,1158,14:28,55,41,3,10
Mikhail Grabovski\grabomi01,32,NYI,C,58,9,16,25,3,33,2.6,8,1,0,2,14,2,0,83,818,14:06,26,28,221,242
Marc-Andre Gragnani\gragnma01,28,NJD,D,4,0,0,0,-2,2,-0.1,0,0,0,0,0,0,0,0,57,14:22,1,1,0,0
Petter Granberg\granbpe01,23,NSH,D,27,0,2,2,1,13,0.7,0,0,0,0,2,0,0,12,370,13:43,26,48,0,0
Markus Granlund\granlma01,22,TOT,C,47,6,4,10,-4,14,0.5,5,0,1,1,3,0,1,56,648,13:47,23,31,202,270
Mikael Granlund\granlmi01,23,MIN,C,82,13,31,44,-12,20,3.6,10,2,1,3,22,9,0,160,1486,18:07,56,86,528,556
Alex Grant\grantal01,27,ARI,D,5,0,0,0,-2,7,-0.1,0,0,0,0,0,0,0,4,66,13:14,2,7,0,0
Derek Grant\grantde01,25,CGY,C,15,0,1,1,-7,2,-0.5,0,0,0,0,1,0,0,22,163,10:53,11,25,61,50
Tyler Graovac\graovty01,22,MIN,C,2,0,0,0,-1,0,-0.1,0,0,0,0,0,0,0,2,23,11:37,0,1,13,6
Kevin Gravel\graveke01,23,LAK,D,5,0,0,0,0,0,0.1,0,0,0,0,0,0,0,2,58,11:41,4,4,0,0
Mike Green\greenmi03,30,DET,D,74,7,28,35,-6,38,5.9,2,5,0,0,13,15,0,124,1463,19:46,71,106,0,2
Andy Greene\greenan01,33,NJD,D,82,4,9,13,7,26,5.7,3,1,0,0,8,1,0,63,1882,22:57,154,73,0,0
Matt Greene\greenma01,32,LAK,D,3,0,0,0,0,8,0,0,0,0,0,0,0,0,3,35,11:45,1,5,0,0
Colin Greening\greenco01,29,TOT,LW,31,7,8,15,-2,13,1.7,6,1,0,0,7,1,0,58,437,14:06,10,90,13,8
Alexandre Grenier\grenial01,24,VAN,RW,6,0,0,0,-4,2,-0.3,0,0,0,0,0,0,0,9,69,11:29,3,5,1,1
Seth Griffith\griffse01,23,BOS,C,4,0,1,1,-4,4,-0.1,0,0,0,0,0,1,0,2,40,9:58,0,4,0,0
Mikhail Grigorenko\grigomi01,21,COL,C,74,6,21,27,2,8,2.2,5,1,0,0,18,3,0,84,982,13:16,39,23,150,199
Rocco Grimaldi\grimaro01,22,FLA,C,20,3,2,5,-4,2,0.3,3,0,0,0,2,0,0,29,237,11:52,2,17,47,61
Nicklas Grossmann\grossni01,31,ARI,D,58,3,4,7,-3,24,1.6,3,0,0,1,4,0,0,42,1031,17:47,73,105,0,0
Eric Gryba\grybaer01,27,EDM,D,53,1,5,6,0,75,1.8,1,0,0,0,5,0,0,58,948,17:53,78,132,0,0
Radko Gudas\gudasra01,25,PHI,D,76,5,9,14,-3,116,3.2,5,0,0,1,9,0,0,150,1508,19:51,157,304,0,0
Erik Gudbranson\gudbrer01,24,FLA,D,64,2,7,9,3,49,2.1,2,0,0,0,7,0,0,73,1287,20:07,73,150,0,0
Nate Guenin\guenina01,33,COL,D,29,0,0,0,2,2,0.5,0,0,0,0,0,0,0,10,379,13:04,33,15,0,0
Carl Gunnarsson\gunnaca01,29,STL,D,72,3,6,9,7,31,3.3,2,1,0,0,6,0,0,51,1251,17:23,119,67,0,0
Erik Gustafsson\gustaer02,23,CHI,D,41,0,14,14,11,4,3.1,0,0,0,0,13,1,0,58,633,15:27,37,29,0,0
Carl Hagelin\hagelca01,27,TOT,LW,80,14,25,39,8,32,4.3,14,0,0,6,23,0,2,178,1257,15:42,33,84,6,8
Ron Hainsey\hainsro01,34,CAR,D,81,5,14,19,-13,37,4.3,5,0,0,2,14,0,0,131,1808,22:19,126,85,0,0
Micheal Haley\haleymi01,29,SJS,C,16,1,0,1,-2,48,0,1,0,0,0,0,0,0,10,114,7:06,4,39,11,8
Matt Halischuk\halisma01,27,WPG,RW,30,0,3,3,1,4,-0.1,0,0,0,0,3,0,0,39,284,9:27,11,38,1,2
Taylor Hall\hallta02,24,EDM,LW,82,26,39,65,-4,54,7.6,22,4,0,6,31,8,0,286,1575,19:12,50,82,14,25
Dan Hamhuis\hamhuda01,33,VAN,D,58,3,10,13,-2,28,3.2,2,1,0,1,8,2,0,72,1242,21:25,72,64,0,0
Dougie Hamilton\hamildo01,22,CGY,D,82,12,31,43,-14,46,5.7,7,5,0,3,20,11,0,190,1621,19:46,106,78,0,0
Freddie Hamilton\hamilfr01,24,CGY,C,4,1,1,2,1,0,0.3,0,0,1,0,1,0,0,7,51,12:42,2,8,12,9
Travis Hamonic\hamontr01,25,NYI,D,72,5,16,21,-5,35,4,4,0,1,1,16,0,0,147,1715,23:49,128,148,0,0
Noah Hanifin\hanifno01,19,CAR,D,79,4,18,22,-14,22,3.8,3,1,0,0,12,6,0,122,1414,17:54,78,67,0,0
Joel Hanley\hanlejo01,24,MTL,D,10,0,6,6,0,0,0.8,0,0,0,0,6,0,0,10,160,16:00,19,6,0,0
Markus Hannikainen\hannima01,22,CBJ,LW,4,0,0,0,-2,0,-0.1,0,0,0,0,0,0,0,3,29,7:09,0,7,0,0
Jannik Hansen\hanseja01,29,VAN,RW,67,22,16,38,16,32,5.8,20,1,1,5,16,0,0,117,1101,16:26,19,39,6,15
Martin Hanzal\hanzama01,28,ARI,C,64,13,28,41,-5,77,4,9,3,1,2,18,10,0,141,1139,17:48,28,126,586,462
Ben Harpur\harpube01,21,OTT,D,5,0,1,1,1,2,0.2,0,0,0,0,1,0,0,3,68,13:40,7,9,0,0
Scott Harrington\harrisc01,22,TOR,D,15,0,1,1,0,4,0.3,0,0,0,0,1,0,0,9,196,13:06,16,23,0,0
Ryan Hartman\hartmry01,21,CHI,RW,3,0,1,1,-1,0,0,0,0,0,0,1,0,0,3,28,9:14,3,5,1,3
Scott Hartnell\hartnsc01,33,CBJ,LW,79,23,26,49,-11,112,5.6,13,10,0,1,24,2,0,150,1231,15:35,41,131,0,3
Garnet Hathaway\hathaga01,24,CGY,RW,14,0,3,3,-1,31,0,0,0,0,0,2,0,1,11,168,12:01,17,50,1,3
Erik Haula\haulaer01,24,MIN,C,76,14,20,34,21,24,4.8,12,0,2,2,17,1,2,99,967,12:44,55,57,416,365
Martin Havlat\havlama01,34,STL,RW,2,1,0,1,0,0,0.2,1,0,0,1,0,0,0,3,22,10:54,0,1,0,0
Jimmy Hayes\hayesji01,26,BOS,RW,75,13,16,29,-12,60,2.4,10,3,0,0,14,2,0,127,1037,13:50,15,128,42,70
Kevin Hayes\hayeske01,23,NYR,RW,79,14,22,36,4,30,3.9,11,3,0,3,19,3,0,133,1079,13:40,23,59,137,244
Victor Hedman\hedmavi01,25,TBL,D,78,10,37,47,21,46,10.1,9,1,0,0,26,10,1,180,1799,23:04,132,62,0,0
Seth Helgeson\helgese01,25,NJD,D,19,0,1,1,-5,17,0.1,0,0,0,0,1,0,0,9,265,13:57,23,46,0,0
Darren Helm\helmda01,29,DET,C,77,13,13,26,-2,32,2.4,13,0,0,3,13,0,0,165,1160,15:04,26,115,39,38
Ales Hemsky\hemskal01,32,DAL,RW,75,13,26,39,3,20,4.2,12,1,0,0,22,4,0,155,983,13:06,26,25,2,4
Matt Hendricks\hendrma01,34,EDM,LW,68,5,7,12,2,82,0.6,4,0,1,0,6,0,1,62,900,13:14,68,175,251,202
Adam Henrique\henriad01,25,NJD,C,80,30,20,50,10,23,7.6,21,7,2,8,14,5,1,149,1586,19:50,56,66,617,764
Tomas Hertl\hertlto01,22,SJS,C,81,21,25,46,16,26,6.1,18,3,0,3,21,4,0,202,1294,15:58,60,90,256,201
Thomas Hickey\hicketh01,26,NYI,D,62,6,12,18,9,30,4.4,6,0,0,2,11,0,0,55,1079,17:24,90,65,0,0
Chris Higgins\higgich01,32,VAN,LW,33,3,1,4,-14,4,-0.5,2,0,1,0,1,0,0,51,455,13:47,18,15,1,2
Vinnie Hinostroza\hinosvi01,21,CHI,C,7,0,0,0,-1,6,-0.1,0,0,0,0,0,0,0,6,61,8:41,2,2,13,19
Niklas Hjalmarsson\hjalmni01,28,CHI,D,81,2,22,24,13,32,5.6,2,0,0,0,17,2,3,77,1813,22:23,151,32,0,0
Cody Hodgson\hodgsco01,25,NSH,C,39,3,5,8,2,6,0.6,3,0,0,2,4,1,0,65,419,10:44,6,25,46,52
Mike Hoffman\hoffmmi02,26,OTT,LW,78,29,30,59,1,18,7.6,20,9,0,3,26,4,0,242,1368,17:33,29,22,8,10
Nick Holden\holdeni01,28,COL,D,82,6,16,22,-1,24,4.7,6,0,0,0,15,1,0,98,1794,21:53,118,217,0,0
Peter Holland\hollape01,25,TOR,C,65,9,18,27,-16,28,1.8,4,5,0,1,12,6,0,138,953,14:40,19,78,216,249
Bud Holloway\hollobu01,27,MTL,C,1,0,0,0,0,0,0,0,0,0,0,0,0,0,1,7,7:19,0,0,0,1
Korbinian Holzer\holzeko01,27,ANA,D,29,0,3,3,-3,10,0.7,0,0,0,0,3,0,0,17,428,14:45,32,57,0,0
Shawn Horcoff\horcosh01,37,ANA,C,59,6,9,15,1,34,1.3,5,0,1,2,8,0,1,73,784,13:17,24,58,320,306
Patric Hornqvist\hornqpa01,29,PIT,RW,82,22,29,51,15,36,6.4,13,9,0,3,23,6,0,257,1382,16:51,54,160,5,3
Bo Horvat\horvabo01,20,VAN,C,82,16,24,40,-30,18,2.9,12,4,0,4,16,8,0,155,1405,17:08,53,69,760,733
Marian Hossa\hossama01,37,CHI,RW,64,13,20,33,10,24,3.7,8,2,3,2,12,7,1,191,1105,17:16,33,37,0,2
Quinton Howden\howdequ01,24,FLA,C,58,6,5,11,-1,18,0.8,6,0,0,0,5,0,0,54,602,10:22,10,116,3,3
Marek Hrivik\hrivima01,24,NYR,LW,5,0,1,1,3,0,0.1,0,0,0,0,1,0,0,3,54,10:43,1,6,3,2
Jonathan Huberdeau\huberjo01,22,FLA,LW,76,20,39,59,17,43,7.3,15,4,1,2,30,9,0,174,1379,18:09,36,53,7,11
Jiri Hudler\hudleji01,32,TOT,C,72,16,30,46,-1,27,4.8,13,3,0,1,23,7,0,109,1135,15:46,7,28,11,15
Charles Hudon\hudonch01,21,MTL,LW,3,0,2,2,2,0,0.3,0,0,0,0,2,0,0,3,32,10:42,1,7,0,1
Brad Hunt\huntbr01,27,EDM,D,7,0,0,0,-1,2,0,0,0,0,0,0,0,0,12,99,14:11,7,7,0,0
Matt Hunwick\hunwima01,30,TOR,D,60,2,8,10,-17,32,1.3,2,0,0,1,6,2,0,74,1354,22:34,98,126,0,0
Ben Hutton\huttobe01,22,VAN,D,75,1,24,25,-21,14,3,1,0,0,0,17,7,0,104,1491,19:52,100,42,0,0
Zach Hyman\hymanza01,23,TOR,C,16,4,2,6,0,18,0.7,4,0,0,0,2,0,0,37,251,15:41,8,31,1,2
Jarome Iginla\iginlja01,38,COL,RW,82,22,25,47,-22,41,4.6,9,13,0,3,19,6,0,182,1301,15:52,45,70,61,54
Matt Irwin\irwinma01,28,BOS,D,2,0,0,0,-5,0,-0.4,0,0,0,0,0,0,0,3,30,14:56,0,1,0,0
Barret Jackman\jackmba01,34,NSH,D,73,1,4,5,1,76,1.8,1,0,0,1,4,0,0,64,1012,13:51,86,100,0,0
Tim Jackman\jackmti01,34,ANA,RW,2,0,0,0,-2,4,-0.1,0,0,0,0,0,0,0,1,11,5:44,0,2,0,0
Jaromir Jagr\jagrja01,43,FLA,RW,79,27,39,66,23,48,9.2,22,5,0,4,33,6,0,143,1349,17:05,16,31,0,1
Mattias Janmark\janmama02,23,DAL,C,73,15,14,29,12,16,3.6,14,0,1,3,13,1,0,108,1035,14:10,21,4,94,166
Calle Jarnkrok\jarnkca01,24,NSH,C,81,16,14,30,1,14,3.1,12,3,1,4,13,1,0,125,1307,16:08,24,35,366,433
Dmitrij Jaskin\jaskidm01,22,STL,RW,65,4,9,13,3,26,0.8,4,0,0,1,9,0,0,92,771,11:52,16,126,8,20
Dustin Jeffrey\jeffrdu01,27,ARI,C,7,1,1,2,2,2,0.3,1,0,0,0,1,0,0,5,80,11:24,1,2,35,23
Boone Jenner\jennebo01,22,CBJ,C,82,30,19,49,-15,77,6,20,9,1,3,14,5,0,225,1346,16:25,71,213,156,138
Ryan Johansen\johanry01,23,TOT,C,80,14,46,60,6,61,6.3,10,4,0,2,28,18,0,185,1405,17:34,30,115,652,594
Marcus Johansson\johanma03,25,WSH,LW,74,17,29,46,12,16,5.4,11,6,0,7,21,8,0,132,1231,16:38,24,38,128,150
Stephen Johns\johnsst03,23,DAL,D,14,1,2,3,-6,6,0,1,0,0,0,2,0,0,13,250,17:50,21,55,0,0
Erik Johnson\johnser01,27,COL,D,73,11,16,27,-19,50,4.2,6,3,2,0,12,3,1,175,1711,23:27,197,126,0,1
Jack Johnson\johnsja02,29,CBJ,D,60,6,8,14,-16,25,2,3,3,0,2,5,3,0,86,1451,24:11:00,102,98,0,1
Tyler Johnson\johnsty01,25,TBL,C,69,14,24,38,4,20,4.2,11,3,0,7,14,10,0,167,1183,17:08,25,46,479,507
Ross Johnston\johnsro02,21,NYI,LW,1,0,0,0,0,4,0,0,0,0,0,0,0,0,0,16,16:17,0,6,0,0
Ryan Johnston\johnsry02,23,MTL,D,3,0,0,0,1,0,0.1,0,0,0,0,0,0,0,1,49,16:17,2,2,0,0
Jussi Jokinen\jokinju01,32,FLA,LW,81,18,42,60,25,42,7.3,12,5,1,1,34,7,1,153,1482,18:17,50,43,135,127
Jyrki Jokipakka\jokipjy01,24,TOT,D,58,2,10,12,4,14,2.3,2,0,0,1,10,0,0,45,902,15:34,66,69,0,0
David Jones\jonesda01,31,TOT,RW,75,11,7,18,-7,10,1.3,10,1,0,2,7,0,0,84,933,12:26,33,147,17,17
Seth Jones\jonesse01,21,TOT,D,81,3,28,31,-14,22,4.2,2,1,0,0,15,12,1,157,1788,22:05,118,86,0,0
Josh Jooris\joorijo01,25,CGY,C,59,4,9,13,-1,39,0.5,4,0,0,0,7,0,2,80,725,12:17,33,62,114,143
Michal Jordan\jordami01,25,CAR,D,36,1,0,1,-5,12,0.6,1,0,0,0,0,0,0,36,546,15:10,34,24,0,0
Jacob Josefson\josefja01,24,NJD,C,58,4,10,14,-21,20,0,1,3,0,1,1,8,1,86,900,15:31,40,67,323,344
Roman Josi\josiro01,25,NSH,D,81,14,47,61,-3,43,10.4,7,6,1,3,28,18,1,198,2064,25:29:00,185,59,0,0
Tomas Jurco\jurcoto01,23,DET,RW,44,4,2,6,-6,16,0.2,4,0,0,0,2,0,0,43,404,9:11,4,50,1,0
Nazem Kadri\kadrina01,25,TOR,C,76,17,28,45,-15,73,4,13,4,0,2,18,10,0,260,1389,18:16,43,148,641,663
Sergey Kalinin\kalinse01,24,NJD,C,78,8,7,15,-9,33,0.9,5,3,0,2,7,0,0,70,1039,13:20,30,146,134,188
Steven Kampfer\kampfst01,27,FLA,D,47,0,4,4,5,26,1.2,0,0,0,0,3,1,0,54,709,15:06,70,70,1,1
Evander Kane\kaneev01,24,BUF,LW,65,20,15,35,-14,91,3.8,17,2,1,3,11,4,0,271,1367,21:02,23,171,62,62
Patrick Kane\kanepa01,27,CHI,RW,82,46,60,106,17,30,15,29,17,0,9,40,20,0,287,1674,20:25,21,37,11,40
Kasperi Kapanen\kapanka01,19,TOR,RW,9,0,0,0,-3,2,-0.3,0,0,0,0,0,0,0,14,133,14:47,1,10,0,0
Erik Karlsson\karlser01,25,OTT,D,82,16,66,82,-2,50,11.7,15,1,0,3,41,25,0,248,2375,28:58:00,175,84,0,1
Melker Karlsson\karlsme01,25,SJS,C,65,10,9,19,5,16,2.1,10,0,0,1,9,0,0,96,879,13:31,48,76,11,12
William Karlsson\karlswi01,23,CBJ,C,81,9,11,20,-9,6,0.9,9,0,0,1,11,0,0,108,1172,14:28,48,40,416,495
Zack Kassian\kassiza01,25,EDM,RW,36,3,5,8,-7,114,0.2,3,0,0,0,5,0,0,42,448,12:27,6,95,1,3
Bracken Kearns\kearnbr01,34,NYI,C,2,0,1,1,1,4,0.1,0,0,0,0,0,0,1,0,32,15:54,2,5,8,4
Duncan Keith\keithdu01,32,CHI,D,67,9,34,43,13,26,8.4,5,4,0,4,19,14,1,130,1691,25:14:00,116,16,0,1
Chris Kelly\kellych01,35,BOS,C,11,2,0,2,3,0,0.3,1,0,1,0,0,0,0,8,144,13:05,13,13,22,30
Joonas Kemppainen\kemppjo01,27,BOS,C,44,2,3,5,-6,4,-0.4,1,0,1,0,3,0,0,35,552,12:32,18,36,227,232
Ronalds Kenins\keninro01,24,VAN,LW,8,0,0,0,-1,6,-0.2,0,0,0,0,0,0,0,6,91,11:25,2,19,1,2
Tyler Kennedy\kennety01,29,NJD,C,50,3,13,16,-14,14,0.7,2,1,0,0,8,5,0,72,671,13:26,9,35,23,35
Michael Keränen\keranmi01,26,MIN,C,1,0,0,0,-1,0,-0.1,0,0,0,0,0,0,0,0,6,6:09,0,1,0,0
Tanner Kero\kerota01,23,CHI,RW,17,1,2,3,-2,2,0,1,0,0,0,2,0,0,26,209,12:18,10,19,55,68
Ryan Kesler\keslery01,31,ANA,C,79,21,32,53,5,78,6.4,15,5,1,4,22,10,0,164,1543,19:32,92,168,980,695
Phil Kessel\kesseph01,28,PIT,RW,82,26,33,59,9,18,7.2,22,4,0,5,20,13,0,274,1507,18:23,13,9,2,3
Jujhar Khaira\khairju01,21,EDM,LW,15,0,2,2,-2,13,-0.1,0,0,0,0,2,0,0,14,155,10:21,6,29,0,1
Alexander Khokhlachev\khokhal01,22,BOS,C,5,0,0,0,-2,0,-0.2,0,0,0,0,0,0,0,4,51,10:15,1,2,0,2
Alex Killorn\killoal01,26,TBL,C,81,14,26,40,14,44,4.6,11,3,0,3,22,3,1,154,1360,16:48,23,76,31,49
Jakub Kindl\kindlja01,28,TOT,D,44,2,6,8,13,18,2.8,2,0,0,1,5,1,0,63,677,15:23,24,39,0,1
Dwight King\kingdw01,26,LAK,LW,47,7,6,13,-6,24,0.8,7,0,0,2,6,0,0,48,679,14:26,6,73,2,5
Oscar Klefbom\klefbos01,22,EDM,D,30,4,8,12,-4,6,2.2,4,0,0,1,5,3,0,48,657,21:53,62,21,0,0
Kevin Klein\kleinke01,31,NYR,D,69,9,17,26,16,19,6,9,0,0,4,16,1,0,69,1407,20:23,155,117,0,0
John Klingberg\klingjo01,23,DAL,D,76,10,48,58,22,30,10.2,8,2,0,4,28,20,0,171,1724,22:41,68,44,0,0
Rob Klinkhammer\klinkro01,29,EDM,LW,14,1,0,1,-6,6,-0.2,1,0,0,0,0,0,0,10,132,9:25,4,47,1,0
Corban Knight\knighco01,25,FLA,C,20,2,5,7,3,4,0.8,2,0,0,0,5,0,0,11,193,9:38,2,18,54,52
Slater Koekkoek\koekksl01,21,TBL,D,9,0,1,1,-1,2,0.1,0,0,0,0,1,0,0,11,93,10:19,5,6,0,0
Mikko Koivu\koivumi01,32,MIN,C,82,17,39,56,6,40,6,6,10,1,2,28,10,1,141,1634,19:56,57,38,988,771
Leo Komarov\komarle01,29,TOR,C,67,19,17,36,-12,40,3.7,14,4,1,2,14,3,0,130,1195,17:50,27,283,62,65
Anze Kopitar\kopitan01,28,LAK,C,81,25,49,74,34,16,9.7,19,5,1,8,34,13,2,177,1690,20:52,65,78,950,826
Lauri Korpikoski\korpila01,29,EDM,LW,71,10,12,22,-17,10,1.3,7,2,1,2,8,4,0,88,989,13:56,56,100,18,16
Scott Kosmachuk\kosmasc01,22,WPG,RW,8,0,3,3,1,2,0.2,0,0,0,0,3,0,0,9,92,11:32,2,7,0,0
Mike Kostka\kostkmi01,30,OTT,D,15,0,1,1,6,4,0.7,0,0,0,0,1,0,0,9,223,14:51,20,7,0,0
Chris Kreider\kreidch01,24,NYR,LW,79,21,22,43,10,58,5.4,16,5,0,3,19,3,0,158,1261,15:57,33,177,5,1
David Krejci\krejcda01,29,BOS,C,72,17,46,63,4,32,6.6,13,4,0,3,29,14,3,143,1462,20:18,57,43,560,557
Niklas Kronwall\kronwni01,35,DET,D,64,3,23,26,-21,30,3.1,3,0,0,2,9,14,0,61,1409,22:01,81,93,0,0
Torey Krug\krugto01,24,BOS,D,81,4,40,44,9,33,7.2,3,1,0,1,22,18,0,244,1751,21:37,94,61,2,0
Marcus Kruger\krugema01,25,CHI,C,41,0,4,4,-5,24,-0.7,0,0,0,0,4,0,0,50,554,13:31,31,25,233,241
Nikita Kucherov\kucheni01,22,TBL,RW,77,30,36,66,9,30,9.2,21,9,0,4,20,16,0,209,1402,18:13,28,61,0,1
Tom Kuhnhackl\kuhnhto01,24,PIT,RW,42,5,10,15,3,24,1.5,3,0,2,1,10,0,0,52,512,12:12,32,57,0,3
Dean Kukan\kukande01,22,CBJ,D,8,0,0,0,9,0,0.9,0,0,0,0,0,0,0,3,139,17:21,10,7,0,0
Brett Kulak\kulakbr01,22,CGY,D,8,0,0,0,-2,0,-0.1,0,0,0,0,0,0,0,9,99,12:21,3,2,0,0
Nikolai Kulemin\kulemni01,29,NYI,LW,81,9,13,22,13,22,2.1,9,0,0,3,13,0,0,92,1139,14:04,50,107,23,36
Dmitry Kulikov\kulikdm01,25,FLA,D,74,1,16,17,8,51,3.5,1,0,0,1,10,6,0,99,1557,21:02,121,122,0,0
Chris Kunitz\kunitch01,36,PIT,LW,80,17,23,40,29,41,5.2,15,2,0,1,19,4,0,150,1346,16:49,33,264,5,6
Evgeny Kuznetsov\kuzneev01,23,WSH,C,82,20,57,77,27,32,9.6,15,5,0,4,44,13,0,193,1428,17:25,29,73,543,594
Oliver Kylington\kylinol01,18,CGY,D,1,0,0,0,0,0,0,0,0,0,0,0,0,0,1,17,17:22,1,0,0,0
Andrew Ladd\laddan01,30,TOT,LW,78,25,21,46,-13,45,4.9,13,10,2,3,17,4,0,181,1475,18:55,42,155,8,5
Brooks Laich\laichbr01,32,TOT,C,81,2,12,14,-13,18,-0.3,2,0,0,1,11,0,1,101,926,11:26,34,126,98,145
Anton Lander\landean01,24,EDM,C,61,1,2,3,-9,18,-1.1,1,0,0,0,2,0,0,54,737,12:05,19,58,378,315
Gabriel Landeskog\landega01,23,COL,LW,75,20,33,53,-5,69,5.6,15,4,1,2,21,10,2,169,1419,18:56,66,141,31,25
Dylan Larkin\larkidy01,19,DET,C,80,23,22,45,11,34,6,19,4,0,5,21,1,0,221,1324,16:33,25,65,41,59
Adam Larsson\larssad01,23,NJD,D,82,3,15,18,15,77,6.7,3,0,0,1,14,0,1,65,1846,22:31,148,163,0,0
Johan Larsson\larssjo02,23,BUF,LW,74,10,7,17,-4,27,1.4,9,1,0,5,4,3,0,95,1097,14:49,33,113,388,371
Michael Latta\lattami01,24,WSH,C,43,3,4,7,0,50,0.5,3,0,0,0,4,0,0,29,348,8:05,10,58,102,96
Scott Laughton\laughsc01,21,PHI,C,71,7,14,21,-2,34,1.8,7,0,0,0,14,0,0,85,741,10:26,29,86,170,218
Curtis Lazar\lazarcu01,20,OTT,RW,76,6,14,20,-1,18,0.9,4,1,1,0,10,1,3,78,1053,13:52,47,118,168,216
Vincent Lecavalier\lecavvi01,35,TOT,C,49,10,8,18,0,22,2.1,4,6,0,0,7,1,0,67,649,13:14,22,62,297,288
Nick Leddy\leddyni01,24,NYI,D,81,5,35,40,-9,25,5.9,2,3,0,1,19,16,0,121,1832,22:37,87,83,0,0
Anders Lee\leean01,25,NYI,LW,80,15,21,36,-2,51,3.7,7,8,0,3,15,6,0,183,1166,14:35,31,164,1,5
David Legwand\legwada01,35,BUF,C,79,5,9,14,-4,14,0.9,4,0,1,0,7,1,1,61,767,9:42,18,28,196,231
Jori Lehtera\lehtejo01,28,STL,C,79,9,25,34,12,38,3.4,8,1,0,3,17,8,0,83,1271,16:05,26,43,485,484
Taylor Leier\leierta01,21,PHI,LW,6,0,0,0,0,0,-0.1,0,0,0,0,0,0,0,3,46,7:43,3,2,0,0
Brendan Leipsic\leipsbr01,21,TOR,LW,6,1,2,3,-1,2,0.3,1,0,0,1,1,1,0,11,85,14:14,6,12,2,1
Josh Leivo\leivojo01,22,TOR,LW,12,5,0,5,2,6,1,4,1,0,1,0,0,0,20,148,12:19,3,7,1,1
Bryan Lerg\lergbr01,30,SJS,C,6,0,0,0,1,0,0,0,0,0,0,0,0,0,4,53,8:53,3,13,17,16
Brett Lernout\lernobr01,20,MTL,D,1,0,0,0,0,0,0,0,0,0,0,0,0,0,0,7,6:30,0,1,0,0
Lucas Lessio\lessilu01,23,MTL,LW,12,1,1,2,1,2,0.2,1,0,0,1,1,0,0,14,126,10:29,5,24,0,2
Kris Letang\letankr01,28,PIT,D,71,16,51,67,9,66,11.3,11,5,0,2,26,22,3,218,1913,26:57:00,122,135,0,0
Mark Letestu\letesma01,30,EDM,C,82,10,15,25,-21,10,1,5,3,2,0,5,9,1,107,1294,15:47,33,68,596,566
Trevor Lewis\lewistr01,29,LAK,C,75,8,8,16,-10,20,0.4,7,0,1,1,7,1,0,167,1092,14:34,28,168,103,154
John-Michael Liles\lilesjo01,35,TOT,D,81,6,15,21,-10,18,4.3,4,1,1,1,13,2,0,111,1645,20:18,127,81,0,0
Oscar Lindberg\lindbos02,24,NYR,C,68,13,15,28,12,43,3.6,12,1,0,2,13,2,0,114,828,12:11,36,132,134,143
Tobias Lindberg\lindbto01,20,TOR,RW,6,0,2,2,0,4,0.1,0,0,0,0,2,0,0,12,95,15:50,1,10,0,3
Petteri Lindbohm\lindbpe02,22,STL,D,10,0,0,0,-4,7,-0.2,0,0,0,0,0,0,0,9,138,13:47,11,14,0,0
Esa Lindell\lindees01,21,DAL,D,4,0,0,0,-3,0,-0.2,0,0,0,0,0,0,0,2,56,14:03,9,4,0,0
Elias Lindholm\lindhel01,21,CAR,C,82,11,28,39,-23,24,2.6,9,2,0,3,14,14,0,176,1485,18:07,45,112,213,221
Hampus Lindholm\lindhha01,22,ANA,D,80,10,18,28,7,40,7.3,5,4,1,1,7,11,0,149,1760,22:00,115,68,0,0
J.C. Lipon\liponj.01,22,WPG,RW,9,0,1,1,0,5,0,0,0,0,0,1,0,0,4,63,6:58,2,29,0,0
Bryan Little\littlbr01,28,WPG,C,57,17,25,42,-13,12,4.2,13,2,2,2,15,10,0,127,1117,19:36,22,48,674,640
Viktor Loov\loovvi01,23,TOR,D,4,0,2,2,4,0,0.6,0,0,0,0,2,0,0,1,42,10:28,1,8,0,0
Ben Lovejoy\lovejbe01,31,PIT,D,66,4,6,10,9,30,3.1,4,0,0,0,5,0,1,90,1245,18:52,104,154,0,0
Adam Lowry\lowryad01,22,WPG,C,74,7,10,17,-9,53,0.5,7,0,0,2,10,0,0,73,1037,14:01,48,187,391,454
Milan Lucic\lucicmi01,27,LAK,LW,81,20,35,55,26,79,7.2,18,2,0,5,29,6,0,124,1396,17:14,22,244,7,13
Joffrey Lupul\lupuljo01,32,TOR,LW,46,11,3,14,-10,12,1.3,9,2,0,2,1,2,0,102,673,14:37,14,58,0,4
Olli Maatta\maattol01,21,PIT,D,67,6,13,19,27,22,5.9,6,0,0,2,11,1,1,95,1337,19:58,87,81,0,0
Clarke MacArthur\macarcl01,30,OTT,LW,4,0,0,0,-1,0,-0.1,0,0,0,0,0,0,0,4,43,10:52,1,3,0,1
Andrew MacDonald\macdoan01,29,PHI,D,28,1,7,8,10,6,2.4,1,0,0,0,5,2,0,20,563,20:07,72,14,0,0
Derek MacKenzie\mackede01,34,FLA,C,64,6,7,13,7,36,1,6,0,0,3,6,0,1,79,842,13:09,38,154,439,362
Nathan MacKinnon\mackina01,20,COL,C,72,21,31,52,-4,20,5.7,14,7,0,6,21,9,1,245,1358,18:52,53,46,507,540
Evgeni Malkin\malkiev01,29,PIT,C,57,27,31,58,1,65,7.6,16,11,0,6,15,16,0,162,1104,19:22,19,27,317,438
Brad Malone\malonbr01,26,CAR,C,57,2,4,6,-11,75,-0.3,2,0,0,0,4,0,0,31,544,9:33,15,124,40,22
Brandon Manning\mannibr01,25,PHI,D,56,1,6,7,2,66,1.9,1,0,0,1,6,0,0,67,926,16:32,57,94,0,1
Josh Manson\mansojo01,24,ANA,D,71,5,10,15,11,74,5,5,0,0,1,10,0,0,88,1334,18:47,67,158,0,0
Anthony Mantha\manthan01,21,DET,RW,10,2,1,3,-6,2,0.1,0,2,0,1,1,0,0,18,117,11:42,3,4,0,0
Brad Marchand\marchbr03,27,BOS,LW,77,37,24,61,21,90,9.4,27,6,4,6,20,2,2,250,1432,18:36,35,65,21,35
Alexey Marchenko\marchal01,24,DET,D,66,2,9,11,-5,10,2.3,2,0,0,0,8,0,1,40,1111,16:50,100,47,0,0
Jon Marchessault\audymjo01,25,TBL,C,45,7,11,18,-10,17,1.6,3,4,0,1,8,3,0,81,544,12:05,9,61,38,41
Martin Marincin\marinma01,23,TOR,D,65,1,6,7,-3,34,1.8,1,0,0,0,6,0,0,55,1090,16:46,63,37,0,0
Andrei Markov\markoan01,37,MTL,D,82,5,39,44,-6,38,6.7,1,4,0,0,26,13,0,117,1955,23:50,142,57,0,0
Patrick Marleau\marlepa01,36,SJS,LW,82,25,23,48,-22,10,4.7,13,11,1,5,9,14,0,216,1560,19:02,36,64,267,258
Pat Maroon\maroopa01,27,TOT,LW,72,12,15,27,-7,88,2.8,7,5,0,1,12,3,0,104,888,12:20,10,151,17,36
Matt Martin\martima02,26,NYI,LW,80,10,9,19,2,119,1.9,10,0,0,1,9,0,0,86,845,10:33,24,365,1,3
Paul Martin\martipa01,34,SJS,D,78,3,17,20,13,22,5.1,2,1,0,0,16,1,0,49,1617,20:44,123,54,0,0
Alec Martinez\martial01,28,LAK,D,78,10,21,31,16,40,7.6,6,4,0,4,11,9,1,124,1650,21:09,182,164,0,0
Jordan Martinook\martijo01,23,ARI,LW,81,9,15,24,-9,18,1.3,8,0,1,2,13,1,1,109,1230,15:11,40,52,18,15
Andreas Martinsen\martian01,25,COL,LW,55,4,7,11,-4,47,0.5,4,0,0,1,7,0,0,52,610,11:06,27,155,1,3
Brandon Mashinter\mashibr01,27,CHI,LW,41,4,1,5,-7,23,0.2,4,0,0,0,1,0,0,25,307,7:30,3,62,0,0
Mike Matheson\mathemi01,21,FLA,D,3,0,0,0,1,2,0.1,0,0,0,0,0,0,0,4,53,17:32,1,1,0,0
Stefan Matteau\mattest02,21,TOT,LW,32,1,1,2,-13,17,-0.7,1,0,0,0,1,0,0,27,329,10:17,7,67,0,0
Shawn Matthias\matthsh01,27,TOT,C,71,12,16,28,-17,20,2.2,12,0,0,2,15,0,1,101,959,13:31,39,68,9,15
Scott Mayfield\mayfisc01,23,NYI,D,6,1,0,1,-4,11,0,1,0,0,0,0,0,0,4,103,17:07,15,12,0,0
Jamie McBain\mcbaija02,27,LAK,D,44,2,7,9,2,6,1.9,1,1,0,0,2,5,0,32,538,12:14,38,20,0,0
Jake McCabe\mccabja01,22,BUF,D,77,4,10,14,6,51,4.5,4,0,0,0,10,0,0,62,1472,19:07,109,114,0,2
Jared McCann\mccanja01,19,VAN,C,69,9,9,18,-6,32,1.5,8,1,0,1,7,2,0,106,864,12:31,19,45,181,341
Michael McCarron\mccarmi01,20,MTL,RW,20,1,1,2,-10,37,-0.5,1,0,0,0,1,0,0,41,234,11:41,8,49,85,84
John McCarthy\mccarjo01,29,SJS,LW,1,0,0,0,0,0,0,0,0,0,0,0,0,0,0,7,7:05,1,0,0,1
Jay McClement\mccleja01,32,CAR,C,77,3,8,11,-17,24,-0.4,2,0,1,0,8,0,0,64,893,11:36,31,79,375,303
Max McCormick\mccorma01,23,OTT,LW,20,2,2,4,-4,37,0.1,2,0,0,0,2,0,0,37,209,10:28,11,46,39,37
Connor McDavid\mcdavco01,19,EDM,C,45,16,32,48,-1,18,5.8,13,3,0,5,21,11,0,105,850,18:53,10,12,249,355
Ryan McDonagh\mcdonry01,26,NYR,D,73,9,25,34,26,22,7.8,7,2,0,0,17,7,1,113,1632,22:21,138,98,1,0
Colin McDonald\mcdonco01,31,PHI,RW,5,1,0,1,0,7,0.2,1,0,0,0,0,0,0,4,41,8:09,1,16,0,0
John McFarland\mcfarjo01,23,FLA,LW,3,0,0,0,-1,0,-0.1,0,0,0,0,0,0,0,2,30,9:55,3,5,0,0
Brock McGinn\mcginbr01,21,CAR,LW,21,3,1,4,-14,10,-0.1,3,0,0,0,1,0,0,25,235,11:11,6,28,0,1
Jamie McGinn\mcginja01,27,TOT,LW,84,22,17,39,-7,33,5,13,9,0,5,14,3,0,156,1201,14:18,27,164,4,3
Tye McGinn\mcginty01,25,TBL,LW,2,0,0,0,0,0,0,0,0,0,0,0,0,0,1,17,8:33,0,0,0,0
Dylan McIlrath\mcilrdy01,23,NYR,D,34,2,2,4,7,64,1.5,2,0,0,0,2,0,0,28,480,14:07,35,93,0,0
Greg McKegg\mckeggr01,23,FLA,C,15,2,0,2,1,2,0.3,2,0,0,0,0,0,0,14,124,8:15,6,20,50,61
Curtis McKenzie\mckencu01,24,DAL,LW,3,0,0,0,-1,0,-0.1,0,0,0,0,0,0,0,3,26,8:48,1,4,0,0
Cody McLeod\mcleoco01,31,COL,LW,82,8,5,13,1,138,1,7,1,0,1,5,0,0,73,864,10:32,28,240,1,0
Brayden McNabb\mcnabbr01,25,LAK,D,81,2,12,14,11,92,4.2,2,0,0,1,10,1,1,91,1524,18:49,95,206,0,0
Mark McNeill\mcneima01,22,CHI,RW,1,0,0,0,0,0,0,0,0,0,0,0,0,0,0,13,12:44,0,3,0,1
Adam McQuaid\mcquaad01,29,BOS,D,64,1,8,9,6,89,2.3,1,0,0,0,8,0,0,42,1155,18:02,121,142,0,0
Evgeny Medvedev\medveev01,33,PHI,D,45,4,8,12,5,34,3,3,1,0,1,6,2,0,71,847,18:50,34,38,0,0
Jayson Megna\megnaja01,25,NYR,C,6,1,1,2,-1,2,0.2,1,0,0,0,1,0,0,9,73,12:15,1,6,1,0
Julian Melchiori\melchju01,24,WPG,D,11,0,0,0,1,0,0.2,0,0,0,0,0,0,0,12,150,13:36,9,18,0,0
Jonathon Merrill\merrijo01,23,NJD,D,47,1,4,5,-15,28,0.7,1,0,0,1,3,1,0,30,794,16:54,54,48,0,0
Michael Mersch\merscmi01,23,LAK,LW,17,1,2,3,1,0,0.2,1,0,0,0,2,0,0,23,176,10:23,10,26,1,3
Marc Methot\methoma01,30,OTT,D,69,5,7,12,12,34,3.3,5,0,0,0,7,0,0,74,1425,20:39,90,124,0,0
Milan Michalek\michami01,31,TOT,LW,45,7,9,16,0,18,1.3,4,3,0,0,6,3,0,64,725,16:07,27,42,3,5
Zbynek Michalek\michazb01,33,ARI,D,70,2,5,7,3,20,2.1,2,0,0,0,5,0,0,69,1191,17:01,123,84,0,0
Sonny Milano\milanso01,19,CBJ,LW,3,0,1,1,1,0,0.1,0,0,0,0,1,0,0,2,40,13:23,2,4,0,0
Andrew Miller\millean01,27,EDM,C,6,0,0,0,-1,0,-0.1,0,0,0,0,0,0,0,3,55,9:07,0,4,13,16
Colin Miller\milleco02,23,BOS,D,42,3,13,16,0,39,2.5,3,0,0,0,8,5,0,59,663,15:48,36,45,0,0
Drew Miller\milledr01,31,DET,LW,28,1,1,2,-5,2,-0.5,1,0,0,0,1,0,0,27,363,12:58,33,39,1,1
J.T. Miller\millejt01,22,NYR,C,82,22,21,43,10,46,5.5,20,2,0,5,19,2,0,135,1233,15:02,48,174,68,89
Kevan Miller\milleke03,28,BOS,D,71,5,13,18,15,53,4.6,5,0,0,0,12,1,0,64,1353,19:04,123,164,0,0
John Mitchell\mitchjo01,31,COL,C,71,10,11,21,-7,52,1.4,10,0,0,3,10,1,0,101,1082,15:15,65,85,415,434
Torrey Mitchell\mitchto01,31,MTL,C,71,11,8,19,2,51,1.9,10,0,1,3,6,0,2,69,901,12:41,38,67,370,347
Willie Mitchell\mitchwi01,38,FLA,D,46,1,6,7,-2,18,1.2,1,0,0,1,6,0,0,33,917,19:56,70,68,0,0
Travis Moen\moentr01,33,DAL,LW,23,0,2,2,-3,21,-0.3,0,0,0,0,1,0,1,12,188,8:12,13,30,4,1
Sean Monahan\monahse01,21,CGY,C,81,27,36,63,-6,18,6.9,20,7,0,5,23,13,0,197,1552,19:10,37,38,887,852
Dominic Moore\mooredo01,35,NYR,C,80,6,9,15,-2,32,0.3,6,0,0,2,9,0,0,94,1064,13:18,35,51,476,384
John Moore\moorejo01,25,NJD,D,73,4,15,19,-12,28,4,3,1,0,3,10,5,0,106,1448,19:50,83,93,0,0
Josh Morrissey\morrijo04,20,WPG,D,1,0,0,0,0,0,0,0,0,0,0,0,0,0,1,16,15:54,2,1,0,0
Joseph Morrow\morrojo02,23,BOS,D,33,1,6,7,-7,4,0.6,1,0,0,0,4,2,0,44,525,15:54,35,28,0,0
Kael Mouillierat\mouilka01,28,PIT,LW,1,0,0,0,0,2,0,0,0,0,0,0,0,0,1,11,10:41,0,4,5,6
Matt Moulson\moulsma01,32,BUF,LW,81,8,13,21,-5,16,1.7,6,2,0,1,8,5,0,111,964,11:54,23,45,0,5
Vojtech Mozik\mozikvo01,23,NJD,D,7,0,0,0,0,4,0.2,0,0,0,0,0,0,0,6,93,13:14,5,12,0,0
Mirco Mueller\muellmi01,20,SJS,D,11,0,0,0,-4,7,-0.2,0,0,0,0,0,0,0,8,117,10:36,3,2,0,0
Connor Murphy\murphco02,22,ARI,D,78,6,11,17,5,48,4.2,5,1,0,1,9,2,0,101,1599,20:30,139,175,0,0
Ryan Murphy\murphry01,22,CAR,D,35,0,10,10,-1,10,1.9,0,0,0,0,9,1,0,47,604,17:15,22,25,0,0
Ryan Murray\murrary01,22,CBJ,D,82,4,21,25,-10,40,3.8,3,1,0,0,11,10,0,90,1873,22:51,171,51,0,0
Jake Muzzin\muzzija01,26,LAK,D,82,8,32,40,7,64,7.8,7,1,0,1,19,12,1,203,1891,23:04,135,197,0,0
Tyler Myers\myersty01,25,WPG,D,73,9,18,27,6,72,5.6,9,0,0,0,15,2,1,140,1651,22:37,95,54,0,1
Jakub Nakladal\naklaja01,28,CGY,D,27,2,3,5,-5,6,0.6,2,0,0,0,2,1,0,42,383,14:11,23,41,0,0
Vladislav Namestnikov\namesvl01,23,TBL,C,80,14,21,35,17,45,4.5,13,1,0,2,18,3,0,106,1129,14:07,33,49,175,216
Rick Nash\nashri01,31,NYR,LW,60,15,21,36,8,30,4.3,11,4,0,4,18,2,1,183,1016,16:56,24,69,0,1
Riley Nash\nashri02,26,CAR,C,64,9,13,22,-5,18,2.1,7,2,0,1,9,4,0,76,829,12:57,21,58,193,197
James Neal\nealja01,28,NSH,RW,82,31,27,58,27,65,8.7,27,4,0,3,17,10,0,268,1564,19:04,31,113,8,19
Chris Neil\neilch01,36,OTT,RW,80,5,8,13,-3,165,0.5,5,0,0,0,8,0,0,70,744,9:18,12,215,1,1
Brock Nelson\nelsobr01,24,NYI,LW,81,26,14,40,-3,30,5.2,23,3,0,3,12,2,0,165,1280,15:48,50,59,186,202
Casey Nelson\nelsoca01,23,BUF,D,7,0,4,4,1,8,0.7,0,0,0,0,2,2,0,5,104,14:49,4,5,0,0
Patrik Nemeth\nemetpa01,23,DAL,D,38,0,8,8,-1,14,1,0,0,0,0,7,1,0,36,594,15:37,47,58,0,0
Aaron Ness\nessaa01,25,WSH,D,8,0,2,2,4,2,0.6,0,0,0,0,2,0,0,8,99,12:23,7,4,0,0
Nikita Nesterov\nesteni01,22,TBL,D,57,3,6,9,-6,41,1.7,1,2,0,0,4,2,0,57,849,14:53,31,95,0,0
Andrej Nestrasil\nestran01,24,CAR,C,55,9,14,23,4,8,2.7,7,2,0,1,14,0,0,105,789,14:21,13,27,8,17
Valeri Nichushkin\nichuva01,20,DAL,RW,79,9,20,29,2,12,2.3,8,1,0,1,19,1,0,139,1101,13:56,33,68,0,1
Nino Niederreiter\niedeni01,23,MIN,RW,82,20,23,43,9,36,5.5,18,2,0,1,20,3,0,159,1275,15:33,19,129,11,16
Frans Nielsen\nielsfr01,31,NYI,C,81,20,32,52,1,12,5.8,11,7,2,2,19,13,0,181,1435,17:43,92,35,586,583
Matthew Nieto\nietoma01,23,SJS,LW,67,8,9,17,-8,10,1,6,0,2,1,8,1,0,90,882,13:10,33,33,2,6
Nikita Nikitin\nikitni01,29,EDM,D,11,0,1,1,-5,8,-0.1,0,0,0,0,1,0,0,12,163,14:48,9,14,0,0
Matt Niskanen\niskama01,29,WSH,D,82,5,27,32,10,38,6.6,3,2,0,3,13,14,0,150,2022,24:40:00,145,157,0,0
Stefan Noesen\noesest01,22,ANA,RW,1,0,0,0,0,0,0,0,0,0,0,0,0,0,0,10,10:02,0,3,0,0
Jordan Nolan\nolanjo01,26,LAK,C,52,0,5,5,0,38,-0.2,0,0,0,0,5,0,0,49,463,8:54,8,78,0,1
Joakim Nordstrom\nordsjo02,23,CAR,LW,71,10,14,24,1,12,2.3,9,0,1,1,14,0,0,81,1109,15:38,32,98,6,4
Tomas Nosek\nosekto01,23,DET,C,6,0,0,0,-2,2,-0.2,0,0,0,0,0,0,0,2,61,10:08,0,6,4,4
Ryan Nugent-Hopkins\nugenry01,22,EDM,C,55,12,22,34,-9,18,3.2,8,4,0,1,15,7,0,108,1048,19:04,36,39,369,454
Darnell Nurse\nurseda01,20,EDM,D,69,3,7,10,-13,60,1.9,3,0,0,0,5,1,1,120,1396,20:14,103,160,0,0
William Nylander\nylanwi01,19,TOR,C,22,6,7,13,1,4,1.6,5,1,0,1,5,2,0,43,359,16:20,5,5,143,148
Gustav Nyquist\nyquigu01,26,DET,RW,82,17,26,43,-2,34,4.7,10,7,0,3,21,5,0,161,1244,15:10,19,58,0,2
Eric Nystrom\nystrer01,32,NSH,LW,46,7,0,7,-6,20,0.5,6,0,1,1,0,0,0,27,528,11:29,26,92,1,1
Jim O'Brien\obrieji01,27,NJD,C,4,0,0,0,-4,2,-0.2,0,0,0,0,0,0,0,3,54,13:31,2,7,29,20
Brian O'Neill\oneilbr01,27,NJD,C,22,0,2,2,-3,8,-0.2,0,0,0,0,2,0,0,14,228,10:22,9,36,2,4
Cal O'Reilly\oreilca01,29,BUF,C,20,3,4,7,-1,2,0.8,2,1,0,1,3,1,0,10,224,11:11,5,3,59,50
Ryan O'Reilly\oreilry01,24,BUF,C,71,21,39,60,-16,8,6.4,12,8,1,2,25,14,0,157,1543,21:44,43,17,1024,788
Johnny Oduya\oduyajo01,34,DAL,D,82,4,17,21,8,26,4.1,3,0,1,0,16,0,1,63,1671,20:23,172,73,0,0
Jordan Oesterle\oestejo01,23,EDM,D,17,0,5,5,1,0,1,0,0,0,0,5,0,0,24,369,21:41,26,11,0,0
Kyle Okposo\okposky01,27,NYI,RW,79,22,42,64,-4,51,7.2,15,7,0,4,26,16,0,202,1438,18:12,39,90,23,40
Jamie Oleksiak\oleksja01,23,DAL,D,19,0,2,2,-5,21,-0.1,0,0,0,0,2,0,0,13,242,12:43,29,54,0,0
Gustav Olofsson\olofsgu01,21,MIN,D,2,0,0,0,0,0,0,0,0,0,0,0,0,0,1,18,9:12,0,2,0,0
Dylan Olsen\olsendy01,25,FLA,D,8,0,1,1,-1,2,0.1,0,0,0,0,1,0,0,9,110,13:45,7,6,0,0
Dmitry Orlov\orlovdm01,24,WSH,D,82,8,21,29,8,26,5.9,8,0,0,3,19,2,0,90,1314,16:02,61,121,0,0
Brooks Orpik\orpikbr01,35,WSH,D,41,3,7,10,11,24,3,3,0,0,1,7,0,0,31,812,19:49,102,125,0,0
T.J. Oshie\oshietj01,29,WSH,RW,80,26,25,51,16,34,6.7,15,11,0,5,19,6,0,185,1517,18:58,62,134,138,124
Steve Ott\ottst01,33,STL,C,21,0,2,2,-3,34,-0.3,0,0,0,0,2,0,0,21,229,10:55,5,34,39,31
Xavier Ouellet\ouellxa01,22,DET,D,5,0,1,1,-2,2,0,0,0,0,0,1,0,0,4,81,16:15,3,5,0,0
Alex Ovechkin\ovechal01,30,WSH,LW,79,50,21,71,21,53,11.7,31,19,0,8,16,5,0,398,1604,20:19,34,225,0,0
Magnus Paajarvi\paajama01,24,STL,LW,48,3,6,9,-9,8,0,3,0,0,1,6,0,0,88,617,12:51,16,44,0,2
Max Pacioretty\pacioma01,27,MTL,LW,82,30,34,64,-10,34,7.5,21,8,1,6,25,9,0,303,1519,18:32,37,102,6,7
Jean-Gabriel Pageau\pageaje01,23,OTT,C,82,19,24,43,17,26,5.3,11,1,7,2,21,1,2,133,1370,16:42,60,166,614,563
Daniel Paille\paillda01,31,NYR,LW,12,0,0,0,-2,0,-0.3,0,0,0,0,0,0,0,11,137,11:25,9,16,0,1
Iiro Pakarinen\pakarii01,24,EDM,RW,63,5,8,13,-10,8,0.5,5,0,0,0,6,2,0,76,677,10:45,21,152,5,8
Ondrej Palat\palaton01,24,TBL,LW,62,16,24,40,10,20,5.1,13,1,2,4,17,6,1,117,1111,17:55,39,108,2,6
Michael Paliotta\paliomi01,22,CBJ,D,1,0,0,0,0,4,0,0,0,0,0,0,0,0,2,8,7:32,1,0,0,0
Kyle Palmieri\palmiky01,24,NJD,RW,82,30,27,57,3,39,8.2,19,11,0,4,15,12,0,222,1460,17:48,51,129,10,17
Artemi Panarin\panarar01,24,CHI,LW,80,30,47,77,8,32,9.8,22,8,0,7,31,16,0,187,1482,18:31,14,46,0,0
Richard Panik\panikri01,24,CHI,RW,30,6,2,8,4,6,1.2,6,0,0,1,2,0,0,39,325,10:50,11,54,1,1
Cedric Paquette\paquece01,22,TBL,C,56,6,5,11,-2,51,0.7,5,0,1,1,5,0,0,50,713,12:44,31,137,141,142
Colton Parayko\parayco01,22,STL,D,79,9,24,33,28,29,8.8,6,3,0,3,20,4,0,165,1532,19:23,122,102,0,0
Adam Pardy\pardyad01,31,TOT,D,23,0,4,4,-7,14,0.2,0,0,0,0,3,0,1,22,365,15:53,32,32,0,0
P.A. Parenteau\parenpi01,32,TOR,RW,77,20,21,41,0,68,4.8,13,7,0,3,17,4,0,168,1252,16:16,26,48,4,14
Zach Parise\parisza01,31,MIN,LW,70,25,28,53,-3,36,6.6,18,7,0,7,17,11,0,234,1350,19:18,42,71,0,4
David Pastrnak\pastrda01,19,BOS,RW,51,15,11,26,3,20,3.5,15,0,0,2,10,1,0,108,711,13:57,15,52,0,3
Greg Pateryn\patergr01,25,MTL,D,38,1,6,7,-8,49,0.8,1,0,0,0,6,0,0,32,636,16:45,52,100,0,0
Nick Paul\paulni01,20,OTT,LW,24,2,3,5,-3,6,0.1,2,0,0,0,3,0,0,28,293,12:12,9,43,31,29
Joe Pavelski\paveljo01,31,SJS,C,82,38,40,78,25,30,11.5,26,12,0,11,24,16,0,224,1625,19:49,67,147,516,422
Tanner Pearson\pearsta01,23,LAK,LW,79,15,21,36,11,18,4.3,13,2,0,4,19,2,0,137,1142,14:28,34,104,8,17
Andrey Pedan\pedanan01,22,VAN,D,13,0,0,0,-3,18,-0.1,0,0,0,0,0,0,0,11,142,10:57,8,40,0,0
Adam Pelech\pelecad01,21,NYI,D,9,0,2,2,-1,0,0.3,0,0,0,0,2,0,0,8,158,17:35,16,16,0,0
Anthony Peluso\pelusan01,26,WPG,RW,35,1,4,5,4,44,0.5,1,0,0,0,4,0,0,16,223,6:23,4,81,0,0
Stuart Percy\percyst01,22,TOR,D,3,0,0,0,-2,0,-0.1,0,0,0,0,0,0,0,1,39,13:10,3,4,0,0
Mathieu Perreault\perrema01,28,WPG,C,71,9,32,41,-11,36,3.2,3,6,0,1,23,9,0,133,1175,16:33,33,83,94,109
David Perron\perroda01,27,TOT,LW,71,12,24,36,-1,62,3.6,8,4,0,1,16,8,0,147,1080,15:13,23,142,2,8
Corey Perry\perryco01,30,ANA,RW,82,34,28,62,2,68,8.9,22,12,0,6,16,12,0,215,1452,17:42,36,104,2,8
Brett Pesce\pescebr01,21,CAR,D,69,4,12,16,-7,16,3.6,3,1,0,1,8,4,0,85,1295,18:46,83,30,0,1
Nic Petan\petanni01,20,WPG,LW,26,2,4,6,2,10,0.5,2,0,0,0,3,1,0,25,305,11:45,4,7,12,9
Alexander Petrovic\petroal01,23,FLA,D,66,2,15,17,17,90,4.2,2,0,0,0,14,0,1,53,1119,16:57,76,157,0,0
Jeff Petry\petryje01,28,MTL,D,51,5,11,16,-6,16,2.8,4,1,0,2,4,4,3,98,1089,21:21,73,86,1,0
Dion Phaneuf\phanedi01,30,TOT,D,71,4,28,32,-7,90,4.7,4,0,0,0,17,9,2,144,1587,22:21,89,168,0,0
Blake Pietila\pietibl01,22,NJD,LW,7,1,1,2,0,2,0.2,1,0,0,0,1,0,0,10,84,12:02,3,19,0,0
Alex Pietrangelo\pietral01,26,STL,D,73,7,30,37,10,20,7.9,6,1,0,1,25,4,1,182,1920,26:18:00,136,48,0,0
Brandon Pirri\pirribr01,24,TOT,C,61,14,15,29,-4,30,3.2,11,3,0,3,8,7,0,128,886,14:31,14,66,66,77
Tomas Plekanec\plekato01,33,MTL,C,82,14,40,54,4,36,5.2,13,1,0,1,28,12,0,189,1520,18:32,46,60,804,811
Sergei Plotnikov\plotnse01,25,TOT,LW,45,0,3,3,-3,24,-0.6,0,0,0,0,3,0,0,41,445,9:53,10,107,1,1
Emile Poirier\poiriem01,21,CGY,LW,2,0,0,0,-1,2,-0.1,0,0,0,0,0,0,0,3,28,13:54,1,4,0,0
Roman Polak\polakro01,29,TOT,D,79,1,15,16,6,72,3.9,1,0,0,0,15,0,0,91,1513,19:09,146,303,1,0
Jason Pominville\pominja01,33,MIN,RW,75,11,25,36,10,12,3.8,8,3,0,2,18,7,0,187,1227,16:22,31,31,37,45
Chris Porter\portech01,31,MIN,LW,61,4,3,7,-6,6,0.1,4,0,0,0,3,0,0,45,588,9:38,12,157,0,1
Kevin Porter\porteke01,29,PIT,C,41,0,3,3,-2,0,-0.6,0,0,0,0,3,0,0,34,464,11:19,25,96,44,43
Paul Postma\postmpa01,26,WPG,D,26,2,0,2,-3,4,0.4,2,0,0,0,0,0,0,24,298,11:27,14,13,0,0
Corey Potter\potteco01,32,NSH,D,1,0,0,0,0,0,0,0,0,0,0,0,0,0,0,15,14:44,1,0,0,0
Benoit Pouliot\poulibe01,29,EDM,LW,55,14,22,36,-6,30,4,8,5,1,0,18,4,0,109,883,16:03,25,35,20,29
Derrick Pouliot\poulide01,22,PIT,D,22,0,7,7,4,2,1.3,0,0,0,0,7,0,0,25,340,15:27,18,16,0,0
Shane Prince\princsh01,23,TOT,LW,62,6,11,17,5,10,1.6,6,0,0,1,11,0,0,88,696,11:14,14,24,4,1
Nate Prosser\prossna01,29,MIN,D,54,0,3,3,1,39,1.1,0,0,0,0,2,0,1,20,615,11:23,73,34,0,0
Dalton Prout\proutda01,25,CBJ,D,64,3,6,9,-6,102,1.6,3,0,0,0,6,0,0,69,1035,16:10,70,139,0,1
Brandon Prust\prustbr01,31,VAN,LW,35,1,6,7,-3,59,0.1,1,0,0,1,6,0,0,19,447,12:47,15,40,6,5
Matt Puempel\puempma01,23,OTT,LW,26,2,1,3,-3,9,-0.1,2,0,0,1,1,0,0,26,295,11:20,10,18,1,1
Teemu Pulkkinen\pulkkte01,24,DET,LW,36,6,6,12,2,14,1.4,5,1,0,1,4,2,0,65,416,11:34,8,5,0,1
Ryan Pulock\pulocry01,21,NYI,D,15,2,2,4,1,5,1,2,0,0,0,2,0,0,15,236,15:44,11,13,0,0
Teddy Purcell\purcete01,30,TOT,RW,76,14,29,43,-11,12,3.9,12,2,0,2,20,8,1,149,1279,16:50,15,31,2,4
Mark Pysyk\pysykma01,24,BUF,D,55,1,10,11,-1,32,2.4,1,0,0,0,8,1,1,44,875,15:54,49,37,0,0
Kyle Quincey\quincky01,30,DET,D,47,4,7,11,1,36,2.8,4,0,0,2,7,0,0,62,929,19:46,62,49,0,0
Alan Quine\quineal01,22,NYI,C,2,1,0,1,0,0,0.2,0,0,1,0,0,0,0,5,36,17:46,3,3,16,10
Michael Raffl\rafflmi01,27,PHI,LW,82,13,18,31,9,30,3.4,12,1,0,4,17,1,0,132,1173,14:18,34,135,33,49
Rickard Rakell\rakelri01,22,ANA,C,72,20,23,43,-1,19,5.4,16,4,0,7,17,6,0,169,1157,16:04,30,121,197,254
John Ramage\ramagjo01,24,CBJ,D,1,0,0,0,-2,0,-0.2,0,0,0,0,0,0,0,0,14,14:09,4,0,0,0
Tyler Randell\randety01,24,BOS,RW,27,6,0,6,-2,47,0.9,6,0,0,1,0,0,0,18,189,6:59,8,39,0,0
Mikko Rantanen\rantami01,19,COL,RW,9,0,0,0,-7,2,-0.4,0,0,0,0,0,0,0,9,81,8:57,11,0,13,11
Victor Rask\raskvi01,22,CAR,C,80,21,27,48,-6,24,5.6,16,5,0,5,14,13,0,160,1359,16:59,34,32,479,456
Dennis Rasmussen\rasmude01,25,CHI,C,44,4,5,9,9,4,1.2,4,0,0,1,5,0,0,42,403,9:10,20,36,144,163
Ty Rattie\rattity01,22,STL,RW,13,4,2,6,1,4,1,4,0,0,0,2,0,0,16,121,9:17,2,6,0,0
Kyle Rau\rauky01,23,FLA,C,9,0,0,0,-1,2,-0.2,0,0,0,0,0,0,0,15,113,12:35,3,4,0,0
Mason Raymond\raymoma01,30,CGY,LW,29,4,1,5,-3,8,0.2,4,0,0,0,1,0,0,53,358,12:20,7,12,3,4
Matt Read\readma01,29,PHI,RW,79,11,15,26,-5,27,1.9,9,2,0,2,10,5,0,127,1205,15:15,60,81,24,26
Ryan Reaves\reavery01,29,STL,RW,64,3,1,4,-6,68,-0.3,3,0,0,0,1,0,0,31,514,8:02,10,206,1,1
Zach Redmond\redmoza01,27,COL,D,37,2,4,6,5,10,1.7,1,1,0,0,4,0,0,22,436,11:47,39,47,0,0
Brent Regner\regnebr01,26,FLA,D,7,0,0,0,-2,4,-0.1,0,0,0,0,0,0,0,7,81,11:35,7,4,0,0
Mike Reilly\reillmi01,22,MIN,D,29,1,6,7,-4,8,0.9,1,0,0,0,4,2,0,27,350,12:05,23,3,0,0
Griffin Reinhart\reinhgr01,22,EDM,D,29,0,1,1,-6,20,0.2,0,0,0,0,1,0,0,24,524,18:04,46,62,0,0
Sam Reinhart\reinhsa01,20,BUF,C,79,23,19,42,-8,8,5.2,15,8,0,3,17,2,0,165,1330,16:50,26,26,36,72
Borna Rendulic\rendubo01,23,COL,RW,3,0,0,0,-2,0,-0.1,0,0,0,0,0,0,0,1,23,7:32,3,1,0,3
Mike Ribeiro\ribeimi01,35,NSH,C,81,7,43,50,11,62,4.6,5,2,0,0,30,13,0,76,1413,17:27,20,61,288,472
Brad Richards\richabr01,35,DET,C,68,10,18,28,4,8,2.8,6,4,0,1,8,10,0,164,1006,14:48,12,16,124,126
Mike Richards\richami02,30,WSH,C,39,2,3,5,-2,8,-0.1,2,0,0,1,3,0,0,46,475,12:11,19,39,235,240
Brad Richardson\richabr02,30,ARI,RW,82,11,20,31,8,46,2.9,11,0,0,3,20,0,0,117,1281,15:37,53,57,523,438
Tobias Rieder\riedeto01,23,ARI,RW,82,14,23,37,-21,10,2.5,12,2,0,1,16,6,1,189,1419,17:18,43,54,10,19
Morgan Rielly\riellmo01,21,TOR,D,82,9,27,36,-17,28,5.6,6,2,1,0,21,6,0,167,1905,23:14,122,58,0,0
Zac Rinaldo\rinalza01,25,BOS,C,52,1,2,3,-5,83,-0.5,1,0,0,0,2,0,0,38,431,8:18,15,154,0,1
Rasmus Ristolainen\ristora01,21,BUF,D,82,9,32,41,-21,33,6.7,5,4,0,1,15,17,0,202,2073,25:17:00,137,139,0,0
Brett Ritchie\ritchbr01,22,DAL,RW,8,0,1,1,-3,7,-0.2,0,0,0,0,1,0,0,15,93,11:36,3,30,0,0
Nick Ritchie\ritchni01,20,ANA,LW,33,2,2,4,-2,37,0,2,0,0,0,2,0,0,55,388,11:46,10,93,1,2
Buddy Robinson\robinbu01,24,OTT,RW,3,1,1,2,2,4,0.4,1,0,0,1,1,0,0,5,26,8:36,1,11,0,1
Evan Rodrigues\rodriev01,22,BUF,C,2,1,1,2,2,0,0.4,1,0,0,0,1,0,0,8,24,11:45,0,3,0,0
Antoine Roussel\roussan01,26,DAL,LW,80,13,16,29,11,123,3.2,13,0,0,6,14,1,1,111,1109,13:51,58,123,15,20
Michal Rozsival\rozsimi01,37,CHI,D,51,1,12,13,3,33,2.5,1,0,0,0,9,2,1,41,824,16:10,63,81,0,0
Chad Ruhwedel\ruhwech01,25,BUF,D,1,0,0,0,0,2,0,0,0,0,0,0,0,0,1,16,15:30,2,3,0,0
David Rundblad\rundbda01,25,CHI,D,9,0,2,2,-2,6,0.2,0,0,0,0,0,2,0,13,129,14:22,3,3,0,0
Kris Russell\russekr01,28,TOT,D,62,4,15,19,-5,10,2.8,2,2,0,1,13,2,0,70,1431,23:05,210,40,0,1
Bryan Rust\rustbr01,23,PIT,RW,41,4,7,11,1,12,0.8,4,0,0,1,6,1,0,68,512,12:30,23,62,1,3
Tuomo Ruutu\ruututu01,32,NJD,LW,33,0,1,1,-7,8,-0.7,0,0,0,0,1,0,0,34,380,11:30,8,63,2,3
Bobby Ryan\ryanbo01,28,OTT,RW,81,22,34,56,-9,28,6,16,6,0,2,24,10,0,183,1391,17:10,24,106,3,8
Derek Ryan\ryande01,29,CAR,C,6,2,0,2,1,2,0.4,1,1,0,0,0,0,0,5,73,12:12,0,2,35,24
Kerby Rychel\rycheke01,21,CBJ,LW,32,2,7,9,5,15,0.9,2,0,0,0,7,0,0,32,304,9:31,9,39,1,2
Brandon Saad\saadbr01,23,CBJ,LW,78,31,22,53,1,14,7.2,25,6,0,7,19,2,1,233,1343,17:13,25,43,19,15
Miikka Salomaki\salommi01,22,NSH,RW,61,5,5,10,-1,28,0.4,5,0,0,1,4,0,1,61,732,12:00,30,164,2,1
Philip Samuelsson\samueph01,24,ARI,D,4,0,0,0,0,2,0,0,0,0,0,0,0,0,5,64,15:53,11,3,0,0
Steven Santini\santist01,20,NJD,D,1,0,0,0,2,2,0.2,0,0,0,0,0,0,0,1,15,14:35,2,0,0,0
Mike Santorelli\santomi01,30,ANA,C,70,9,9,18,-4,8,1.9,8,1,0,1,7,2,0,81,706,10:06,20,28,75,83
David Savard\savarda01,25,CBJ,D,65,4,21,25,-7,45,3.8,3,1,0,0,16,4,1,122,1506,23:10,111,122,0,0
Luca Sbisa\sbisalu01,26,VAN,D,41,2,6,8,5,26,2.4,2,0,0,1,5,0,1,29,712,17:23,58,71,0,0
Marco Scandella\scandma01,25,MIN,D,73,5,16,21,6,22,5,3,2,0,0,14,1,1,126,1511,20:42,105,66,0,0
Colton Sceviour\scevico01,26,DAL,C,71,11,12,23,6,21,2.4,10,1,0,1,9,2,1,125,900,12:40,52,71,9,15
Tim Schaller\schalti01,25,BUF,C,17,1,2,3,3,2,0.4,0,0,1,1,2,0,0,18,142,8:19,9,13,40,73
Mark Scheifele\scheima01,22,WPG,C,71,29,32,61,16,48,8.6,22,7,0,3,28,4,0,194,1317,18:33,36,53,515,651
Brayden Schenn\schenbr01,24,PHI,C,80,26,33,59,3,33,7.4,15,11,0,5,22,11,0,178,1352,16:54,30,187,52,64
Luke Schenn\schenlu01,26,TOT,D,72,4,12,16,-2,82,3.3,3,1,0,0,12,0,0,76,1265,17:34,106,234,1,1
David Schlemko\schleda01,28,NJD,D,67,6,13,19,-22,16,3.1,5,1,0,3,2,11,0,104,1249,18:39,88,47,0,0
Nate Schmidt\schmina01,24,WSH,D,72,2,14,16,12,16,4,2,0,0,1,14,0,0,80,1301,18:04,111,69,0,0
Cole Schneider\schneco02,25,BUF,LW,2,0,0,0,0,0,0,0,0,0,0,0,0,0,5,25,12:38,0,3,0,0
Jordan Schroeder\schrojo01,25,MIN,C,26,2,2,4,2,2,0.4,2,0,0,0,2,0,0,30,245,9:25,13,15,1,2
Jeff Schultz\schulje02,29,LAK,D,1,0,0,0,-1,0,-0.1,0,0,0,0,0,0,0,1,18,18:15,2,0,0,0
Justin Schultz\schulju01,25,TOT,D,63,4,14,18,-15,16,2.3,2,2,0,0,8,6,0,82,1162,18:27,72,36,0,2
Nick Schultz\schulni01,33,PHI,D,81,1,9,10,-1,42,2.5,1,0,0,0,9,0,0,70,1454,17:57,174,85,1,0
Jaden Schwartz\schwaja01,23,STL,LW,33,8,14,22,8,8,2.8,7,1,0,1,10,4,0,63,568,17:12,21,26,15,17
John Scott\scottjo01,33,TOT,LW,12,0,1,1,-1,27,-0.1,0,0,0,0,1,0,0,6,78,6:32,3,23,0,0
Rob Scuderi\scudero01,37,TOT,D,63,0,10,10,7,10,2.5,0,0,0,0,9,0,1,35,996,15:49,75,31,0,1
Brent Seabrook\seabrbr01,30,CHI,D,81,14,35,49,6,32,9.2,8,6,0,3,16,19,0,167,1849,22:49,150,121,0,0
Daniel Sedin\sedinda01,35,VAN,LW,82,28,33,61,7,36,8,20,8,0,6,21,11,1,258,1503,18:20,19,20,5,14
Henrik Sedin\sedinhe01,35,VAN,C,74,11,44,55,0,24,5.4,5,5,1,0,29,15,0,99,1360,18:23,19,9,620,727
Tyler Seguin\seguity01,24,DAL,C,72,33,40,73,2,16,9.6,26,7,0,6,23,17,0,278,1400,19:27,27,80,470,376
Dennis Seidenberg\seidede01,34,BOS,D,61,1,11,12,-1,24,2,1,0,0,0,10,1,0,66,1183,19:24,120,127,0,0
Jiri Sekac\sekacji01,23,TOT,LW,39,1,5,6,-5,16,-0.1,0,1,0,0,4,1,0,49,455,11:40,18,50,2,2
Andrej Sekera\sekeran01,29,EDM,D,81,6,24,30,-15,12,4.7,4,2,0,2,11,12,1,155,1769,21:50,156,60,0,0
Eric Selleck\selleer01,28,ARI,RW,1,0,0,0,0,5,0,0,0,0,0,0,0,0,1,10,9:33,0,3,0,0
Alexander Semin\seminal01,31,MTL,LW,15,1,3,4,1,12,0.3,1,0,0,0,3,0,0,18,185,12:20,4,6,1,0
Tom Sestito\sestito01,28,PIT,LW,4,0,1,1,1,19,0.1,0,0,0,0,1,0,0,1,23,5:48,1,13,0,0
Damon Severson\severda01,21,NJD,D,72,1,20,21,-8,32,4,1,0,0,0,15,5,0,94,1308,18:10,41,66,0,0
Michael Sgarbossa\sgarbmi01,23,ANA,C,1,0,0,0,0,0,0,0,0,0,0,0,0,0,0,8,8:21,2,0,2,2
Patrick Sharp\sharppa01,34,DAL,LW,76,20,35,55,-3,27,5.9,13,7,0,6,18,17,0,226,1339,17:37,24,76,16,17
Kevin Shattenkirk\shattke01,27,STL,D,72,14,30,44,-14,51,7.1,8,6,0,1,9,20,1,180,1614,22:25,113,82,0,0
Andrew Shaw\shawan01,24,CHI,RW,78,14,20,34,11,69,3.9,10,4,0,2,16,4,0,153,1143,14:39,21,148,146,168
Logan Shaw\shawlo01,24,FLA,RW,53,5,2,7,-7,13,-0.1,4,1,0,1,2,0,0,72,649,12:14,20,88,16,21
Riley Sheahan\sheahri01,24,DET,C,81,14,11,25,-8,12,2.1,10,3,1,2,10,1,0,128,1234,15:14,40,72,358,424
Conor Sheary\shearco01,23,PIT,LW,44,7,3,10,-1,8,1.1,7,0,0,0,3,0,0,51,429,9:45,5,15,1,7
Hunter Shinkaruk\shinkhu01,21,TOT,C,8,2,1,3,-4,2,0.2,1,1,0,0,0,1,0,12,120,14:58,3,9,0,1
Devin Shore\shorede01,21,DAL,C,3,0,0,0,2,0,0,0,0,0,0,0,0,0,1,36,12:07,0,2,0,1
Drew Shore\shoredr01,25,CGY,C,2,0,1,1,0,2,0.1,0,0,0,0,1,0,0,3,28,14:00,1,0,4,6
Nick Shore\shoreni01,23,LAK,C,68,3,7,10,-10,32,-0.4,3,0,0,1,5,2,0,90,844,12:24,17,97,384,357
Patrick Sieloff\sielopa01,21,CGY,D,1,1,0,1,1,2,0.3,1,0,0,1,0,0,0,1,18,17:59,2,3,0,0
Jakob Silfverberg\silfvja01,25,ANA,RW,82,20,19,39,8,32,5,18,2,0,2,16,2,1,215,1392,16:58,58,87,4,16
Zach Sill\sillza01,27,WSH,C,10,1,0,1,0,2,0.1,1,0,0,0,0,0,0,13,99,9:56,6,20,33,44
Wayne Simmonds\simmowa01,27,PHI,RW,81,32,28,60,-7,147,7.6,19,13,0,5,20,8,0,229,1396,17:14,44,192,5,2
Dominik Simon\simondo01,21,PIT,C,3,0,1,1,0,0,0.1,0,0,0,0,1,0,0,2,18,6:04,1,1,0,0
Mike Sislo\sislomi01,28,NJD,RW,18,3,1,4,-2,4,0.4,2,1,0,0,1,0,0,29,224,12:26,6,25,0,2
Colton Sissons\sissoco01,22,NSH,C,34,4,2,6,5,12,0.8,4,0,0,0,2,0,0,25,339,9:58,20,35,141,111
Jack Skille\skillja01,28,COL,RW,74,8,6,14,-4,11,1.2,8,0,0,0,6,0,0,106,654,8:50,25,97,4,15
Jeff Skinner\skinnje01,23,CAR,LW,82,28,23,51,-1,38,7,24,4,0,7,20,3,0,258,1336,16:17,17,21,20,27
Brady Skjei\skjeibr01,21,NYR,D,7,0,0,0,1,4,0.1,0,0,0,0,0,0,0,6,124,17:44,11,11,0,0
Jaccob Slavin\slavija01,21,CAR,D,63,2,18,20,1,8,4.5,2,0,0,0,13,4,1,84,1322,20:59,119,41,0,0
Anton Slepyshev\slepyan01,21,EDM,RW,11,0,1,1,-5,2,-0.2,0,0,0,0,1,0,0,5,96,8:41,1,13,1,0
Ladislav Smid\smidla01,29,CGY,D,22,0,0,0,-7,6,-0.5,0,0,0,0,0,0,0,11,255,11:35,33,39,0,0
Ben Smith\smithbe01,27,TOT,RW,22,2,4,6,2,0,0.5,2,0,0,1,4,0,0,17,266,12:06,16,18,100,85
Brendan Smith\smithbr05,26,DET,D,63,3,12,15,1,62,3.4,2,1,0,0,12,0,0,82,1109,17:36,42,94,0,0
Craig Smith\smithcr01,26,NSH,RW,82,21,16,37,4,40,4.7,19,2,0,6,13,3,0,199,1245,15:11,18,84,76,154
Reilly Smith\smithre01,24,FLA,RW,82,25,25,50,19,31,6.6,20,5,0,3,18,6,1,173,1526,18:37,39,85,0,2
Zack Smith\smithza01,27,OTT,C,81,25,11,36,16,80,5.4,16,4,5,4,9,1,1,121,1247,15:24,26,175,380,349
Devante Smith-Pelly\smithde06,23,TOT,RW,64,14,11,25,-3,30,3.1,14,0,0,5,10,1,0,94,787,12:18,23,105,2,3
Carl Soderberg\soderca01,30,COL,C,82,12,39,51,-7,32,4.3,8,3,1,0,27,11,1,163,1477,18:01,71,27,338,381
Nikita Soshnikov\soshnni01,22,TOR,RW,11,2,3,5,-4,6,0.3,1,1,0,0,3,0,0,33,172,15:37,6,34,0,1
Nick Spaling\spalini01,27,TOT,C,58,3,10,13,-2,24,0.4,3,0,0,0,10,0,0,53,828,14:17,45,65,309,292
Jason Spezza\spezzja01,32,DAL,C,75,33,30,63,4,22,8.8,24,9,0,7,15,15,0,202,1239,16:31,20,9,538,443
Ryan Spooner\spoonry01,24,BOS,C,80,13,36,49,-9,35,4.5,7,6,0,4,25,11,0,162,1211,15:08,19,53,304,407
Daniel Sprong\spronda01,18,PIT,RW,18,2,0,2,-1,0,0.1,2,0,0,0,0,0,0,23,157,8:44,3,14,1,1
Jared Spurgeon\spurgja01,26,MIN,D,77,11,18,29,10,14,7.2,6,5,0,2,7,8,3,122,1746,22:41,157,51,0,0
Eric Staal\staaler01,31,TOT,C,83,13,26,39,-3,34,3.4,12,1,0,0,20,6,0,199,1540,18:33,33,74,446,396
Jordan Staal\staaljo01,27,CAR,C,82,20,28,48,6,34,5.8,14,6,0,4,22,4,2,151,1501,18:18,31,165,806,589
Marc Staal\staalma01,29,NYR,D,77,2,13,15,2,36,2.8,2,0,0,1,13,0,0,65,1515,19:41,120,65,1,3
Drew Stafford\staffdr01,30,WPG,RW,78,21,17,38,-23,28,3.3,14,6,1,6,12,3,2,187,1394,17:52,15,59,51,50
Matt Stajan\stajama01,32,CGY,C,80,6,11,17,-4,52,0.5,4,0,2,0,10,0,1,58,1016,12:42,45,77,373,415
Viktor Stalberg\stalbvi01,30,NYR,LW,75,9,11,20,6,22,1.8,9,0,0,0,11,0,0,125,915,12:12,33,144,2,4
Steven Stamkos\stamkst01,25,TBL,C,77,36,28,64,3,38,9.2,21,14,1,8,17,9,2,216,1521,19:45,35,109,463,464
Ryan Stanton\stantry01,26,WSH,D,1,0,0,0,-1,2,-0.1,0,0,0,0,0,0,0,0,9,8:41,0,0,0,0
Paul Stastny\stastpa01,30,STL,C,64,10,39,49,3,26,4.9,8,2,0,2,27,12,0,103,1226,19:09,40,32,684,536
Alex Steen\steenal01,31,STL,LW,67,17,35,52,3,48,5.8,14,2,1,2,16,19,0,172,1365,20:22,35,50,159,198
Lee Stempniak\stemple01,32,TOT,RW,82,19,32,51,4,38,6.1,15,3,1,4,23,9,0,146,1471,17:57,34,113,2,11
Derek Stepan\stepade01,25,NYR,C,72,22,31,53,5,20,6.4,14,5,3,5,22,9,0,192,1278,17:45,39,38,515,589
Chandler Stephenson\stephch02,21,WSH,C,9,0,0,0,-3,2,-0.3,0,0,0,0,0,0,0,2,71,7:51,4,5,30,25
Chris Stewart\stewach02,28,ANA,RW,56,8,12,20,2,73,2.4,7,1,0,1,8,4,0,78,605,10:48,10,72,3,6
Jarret Stoll\stollja01,33,TOT,C,80,4,5,9,-1,36,-0.2,4,0,0,0,5,0,0,49,974,12:11,69,117,481,362
Mark Stone\stonema01,23,OTT,RW,75,23,38,61,-4,38,6.7,17,5,1,1,26,10,2,151,1508,20:06,54,55,8,11
Michael Stone\stonemi01,25,ARI,D,75,6,30,36,-10,62,5.1,6,0,0,1,16,14,0,161,1687,22:29,143,137,0,2
Clayton Stoner\stonecl01,30,ANA,D,50,1,5,6,4,67,2.2,1,0,0,0,4,0,1,32,768,15:22,55,123,0,0
Tyson Strachan\stracty01,31,MIN,D,2,0,0,0,1,0,0.1,0,0,0,0,0,0,0,0,15,7:33,0,4,0,0
Brian Strait\straibr01,28,NYI,D,52,1,5,6,1,31,1.6,1,0,0,0,4,0,1,43,803,15:26,65,106,0,0
Anton Stralman\stralan01,29,TBL,D,73,9,25,34,16,20,7.9,8,1,0,0,14,11,0,127,1612,22:05,73,99,0,0
Ben Street\streebe01,28,COL,C,7,0,0,0,-1,4,-0.1,0,0,0,0,0,0,0,8,51,7:21,4,6,26,21
Mark Streit\streima01,38,PHI,D,62,6,17,23,-1,18,4.4,4,2,0,1,11,6,0,110,1356,21:52,90,28,0,0
Ryan Strome\stromry01,22,NYI,RW,71,8,20,28,-9,28,1.8,7,1,0,0,17,3,0,132,1112,15:39,19,77,39,56
Brad Stuart\stuarbr02,36,COL,D,6,0,0,0,-2,0,-0.1,0,0,0,0,0,0,0,0,84,14:00,7,11,0,0
Mark Stuart\stuarma01,31,WPG,D,64,1,2,3,-7,66,0.5,1,0,0,0,1,0,1,39,1046,16:21,120,162,0,0
P.K. Subban\subbapk01,26,MTL,D,68,6,45,51,4,75,8.3,4,2,0,0,23,22,0,176,1793,26:22:00,80,102,0,0
Chris Summers\summech01,27,NYR,D,3,0,0,0,-2,4,-0.2,0,0,0,0,0,0,0,5,46,15:23,1,4,0,0
Oskar Sundqvist\sundqos01,21,PIT,C,18,1,3,4,0,4,0.2,0,0,1,1,3,0,0,13,186,10:19,5,18,64,75
Andrej Sustr\sustran01,25,TBL,D,77,4,17,21,-2,30,4,4,0,0,1,17,0,0,65,1296,16:50,66,29,0,0
Ryan Suter\suterry01,31,MIN,D,82,8,43,51,10,30,10,4,3,1,2,24,18,1,188,2345,28:36:00,142,69,0,0
Brandon Sutter\suttebr03,26,VAN,C,20,5,4,9,3,2,1.2,3,1,1,2,4,0,0,45,360,17:59,10,12,146,132
Brody Sutter\suttebr05,24,CAR,C,8,0,0,0,-4,0,-0.3,0,0,0,0,0,0,0,7,72,8:58,0,21,9,4
Viktor Svedberg\svedbvi01,24,CHI,D,27,2,2,4,-5,4,0.6,2,0,0,0,2,0,0,40,425,15:45,28,11,0,0
Maxime Talbot\talboma01,31,BOS,C,38,2,5,7,-11,15,-0.2,2,0,0,1,4,1,0,29,426,11:13,28,66,164,181
Brandon Tanev\tanevbr01,24,WPG,LW,3,0,0,0,0,2,-0.1,0,0,0,0,0,0,0,4,36,12:03,2,7,0,0
Chris Tanev\tanevch01,26,VAN,D,69,4,14,18,-8,8,3.6,2,2,0,0,12,1,1,42,1501,21:45,166,18,0,0
Eric Tangradi\tangrer01,26,DET,LW,1,0,0,0,0,0,0,0,0,0,0,0,0,0,0,7,6:55,0,1,0,1
Alex Tanguay\tangual01,36,TOT,LW,70,8,27,35,8,32,3.3,7,1,0,1,18,8,1,71,1105,15:47,36,22,3,2
Matt Taormina\taormma01,29,TBL,D,3,0,0,0,0,0,0,0,0,0,0,0,0,0,2,42,13:56,3,1,0,0
Vladimir Tarasenko\tarasvl01,24,STL,RW,80,40,34,74,7,37,10.8,28,12,0,7,22,12,0,292,1491,18:38,28,32,0,1
Tomas Tatar\tatarto01,25,DET,LW,81,21,24,45,4,24,5.8,14,7,0,3,16,8,0,165,1162,14:21,18,74,6,18
John Tavares\tavarjo01,25,NYI,C,78,33,37,70,6,38,9.3,26,7,0,5,25,12,0,250,1560,20:00,29,51,741,629
Matt Tennyson\tennyma01,25,SJS,D,29,1,3,4,1,0,0.9,0,1,0,0,3,0,0,23,305,10:31,18,23,0,0
Teuvo Teravainen\teravte01,21,CHI,C,78,13,22,35,-2,20,3.3,11,2,0,3,14,7,1,136,1197,15:21,31,24,125,184
Chris Terry\terrych01,26,CAR,LW,68,8,3,11,-12,16,0.6,8,0,0,0,3,0,0,78,767,11:16,21,82,1,8
Shea Theodore\theodsh01,20,ANA,D,19,3,5,8,7,2,2.3,1,2,0,1,4,1,0,28,363,19:07,22,6,0,0
Christian Thomas\thomach01,23,TOT,LW,6,0,2,2,1,2,0.2,0,0,0,0,2,0,0,9,54,8:56,1,5,0,0
Nate Thompson\thompna01,31,ANA,C,49,3,3,6,-1,47,0.2,2,0,1,0,3,0,0,42,568,11:36,40,103,235,216
Paul Thompson\thomppa02,27,NJD,RW,3,0,0,0,0,2,0,0,0,0,0,0,0,0,3,38,12:32,0,3,0,0
Chris Thorburn\thorbch01,32,WPG,RW,82,6,6,12,-1,81,0.6,5,0,1,2,6,0,0,70,830,10:07,32,146,68,54
Joe Thornton\thornjo01,36,SJS,C,82,19,63,82,25,54,10,11,8,0,6,42,21,0,121,1506,18:22,30,48,399,353
Shawn Thornton\thornsh01,38,FLA,LW,50,1,4,5,-2,80,-0.2,1,0,0,0,4,0,0,58,434,8:41,2,73,6,7
Chris Tierney\tiernch01,21,SJS,C,79,7,13,20,-16,20,0.7,5,1,1,2,13,0,0,96,1042,13:12,39,24,368,437
Viktor Tikhonov\tikhovi01,27,TOT,RW,50,3,3,6,-10,20,-0.4,1,2,0,1,3,0,0,41,572,11:26,25,54,45,71
Jarred Tinordi\tinorja01,23,TOT,D,10,0,0,0,-5,17,-0.3,0,0,0,0,0,0,0,3,143,14:18,11,22,0,0
Jiri Tlusty\tlustji01,27,NJD,LW,30,2,2,4,-1,6,0.1,1,1,0,0,1,1,0,38,411,13:43,13,39,0,0
Jonathan Toews\toewsjo01,27,CHI,C,80,28,30,58,16,62,7.7,18,6,4,8,24,3,3,179,1540,19:15,38,81,921,652
Tyler Toffoli\toffoty01,23,LAK,C,82,31,27,58,35,20,9.1,21,9,1,4,25,2,0,213,1420,17:19,19,70,0,4
Sergey Tolchinsky\tolchse01,20,CAR,LW,2,0,1,1,1,0,0.1,0,0,0,0,1,0,0,1,24,11:48,0,1,0,1
Jordin Tootoo\tootojo01,32,NJD,RW,66,4,5,9,-26,102,-0.6,2,2,0,0,2,3,0,90,761,11:32,18,99,0,2
Vincent Trocheck\trochvi01,22,FLA,C,76,25,28,53,15,44,7.1,20,4,1,4,19,9,0,174,1351,17:46,41,125,547,559
Zach Trotman\trotmza01,25,BOS,D,38,2,5,7,3,22,1.7,2,0,0,0,5,0,0,60,705,18:33,49,71,0,0
Jacob Trouba\troubja01,21,WPG,D,81,6,15,21,10,62,4.9,5,0,1,0,10,4,1,133,1787,22:04,177,144,0,1
Nikita Tryamkin\tryamni01,21,VAN,D,13,1,1,2,-3,10,0.4,1,0,0,0,1,0,0,11,228,17:31,23,31,0,0
Kyle Turris\turriky01,26,OTT,C,57,13,17,30,-15,32,2.2,10,3,0,2,11,5,1,122,1123,19:42,31,44,536,508
Fedor Tyutin\tyutife01,32,CBJ,D,61,1,2,3,-6,28,0.8,1,0,0,0,2,0,0,25,1073,17:35,71,128,0,0
R.J. Umberger\umberrj01,33,PHI,C,39,2,9,11,1,15,0.8,1,1,0,0,8,1,0,48,396,10:10,15,59,2,3
Scottie Upshall\upshasc01,32,STL,RW,70,6,8,14,5,44,1.3,6,0,0,1,5,0,3,113,766,10:57,16,92,12,22
Rinat Valiev\valieri01,20,TOR,D,10,0,0,0,0,0,0.1,0,0,0,0,0,0,0,7,123,12:15,4,9,0,0
James van Riemsdyk\vanrija01,26,TOR,LW,40,14,15,29,3,6,3.8,9,5,0,0,11,4,0,129,711,17:46,7,52,1,1
Trevor van Riemsdyk\vanritr01,24,CHI,D,82,3,11,14,-5,31,2.9,3,0,0,1,8,2,1,85,1639,19:59,155,44,0,0
Chris VandeVelde\vandech01,28,PHI,C,79,2,12,14,-7,27,-0.3,1,0,1,0,12,0,0,77,1071,13:33,60,139,6,15
Thomas Vanek\vanekth01,32,MIN,LW,74,18,23,41,-9,22,4.5,12,6,0,5,15,8,0,146,1155,15:37,17,18,12,26
Phil Varone\varonph01,25,TOT,C,6,1,2,3,2,2,0.5,1,0,0,0,2,0,0,2,51,8:31,6,4,10,8
Sami Vatanen\vatansa01,24,ANA,D,71,9,29,38,8,20,8,5,4,0,2,14,15,0,140,1513,21:19,105,85,0,0
Frank Vatrano\vatrafr01,21,BOS,C,39,8,3,11,-3,14,1.2,8,0,0,1,3,0,0,99,463,11:53,23,61,0,3
Antoine Vermette\vermean01,33,ARI,C,76,17,21,38,-14,93,3.5,10,6,1,2,11,10,0,123,1265,16:39,57,55,754,597
Joel Vermin\vermijo01,23,TBL,RW,6,0,1,1,1,0,0.1,0,0,0,0,1,0,0,1,55,9:08,2,6,1,0
Kris Versteeg\verstkr01,29,TOT,RW,77,15,23,38,0,45,4.3,13,2,0,4,16,7,0,156,1185,15:23,32,20,8,8
Linden Vey\veyli01,24,VAN,RW,41,4,11,15,-14,6,0.6,1,3,0,0,9,2,0,40,646,15:45,9,4,193,256
Jake Virtanen\virtaja01,19,VAN,RW,55,7,6,13,-7,45,1,6,1,0,1,6,0,0,94,636,11:34,22,128,2,3
Joe Vitale\vitaljo01,30,ARI,C,1,0,0,0,1,5,0,0,0,0,0,0,0,0,1,6,6:13,0,1,0,1
Marc-Edouard Vlasic\vlasima01,28,SJS,D,67,8,31,39,15,48,7.9,6,2,0,0,21,8,2,116,1550,23:08,129,47,0,2
Jakub Voracek\voracja01,26,PHI,RW,73,11,44,55,-5,38,4.9,10,1,0,2,22,22,0,213,1357,18:35,34,51,3,3
Radim Vrbata\vrbatra01,34,VAN,RW,63,13,14,27,-30,12,1.7,8,5,0,0,10,4,0,199,1011,16:03,12,15,4,10
Chris Wagner\wagnech01,24,TOT,RW,43,4,2,6,-2,28,0.4,4,0,0,1,2,0,0,55,394,9:09,27,95,148,126
Joel Ward\wardjo02,35,SJS,RW,79,21,22,43,-15,28,4.4,15,5,1,3,14,7,1,138,1341,16:58,53,68,237,255
David Warsofsky\warsoda01,25,TOT,D,22,1,1,2,-9,2,0,0,1,0,0,0,1,0,40,377,17:07,23,5,0,0
Austin Watson\watsoau01,24,NSH,LW,57,3,7,10,-4,32,0.4,3,0,0,0,7,0,0,55,570,10:00,45,74,6,7
Jordan Weal\wealjo01,23,TOT,C,14,0,0,0,1,2,-0.2,0,0,0,0,0,0,0,4,131,9:22,2,5,33,35
Mike Weber\webermi01,28,TOT,D,45,1,4,5,2,60,1.7,1,0,0,0,4,0,0,40,697,15:29,61,108,0,0
Shea Weber\webersh01,30,NSH,D,78,20,31,51,-7,27,9.5,6,14,0,1,18,12,1,189,1979,25:23:00,160,169,0,0
Yannick Weber\weberya01,27,VAN,D,45,0,7,7,-17,24,0.4,0,0,0,0,2,5,0,65,847,18:50,37,49,0,0
Dale Weise\weiseda01,27,TOT,RW,71,14,13,27,4,24,3.1,11,3,0,1,10,3,0,136,952,13:25,26,127,16,19
Jeremy Welsh\welshje01,27,STL,C,2,0,0,0,0,2,0,0,0,0,0,0,0,0,0,17,8:19,0,4,1,2
Alexander Wennberg\wennbal01,21,CBJ,C,69,8,32,40,-1,2,3.5,7,1,0,1,21,11,0,97,1094,15:52,46,32,400,522
Blake Wheeler\wheelbl01,29,WPG,RW,82,26,52,78,8,49,9.4,21,3,2,5,36,14,2,256,1623,19:47,56,92,10,18
Ryan White\whitery01,27,PHI,C,73,11,5,16,-9,101,1.1,8,3,0,0,5,0,0,88,917,12:34,51,208,184,167
Chris Wideman\widemch01,26,OTT,D,64,6,7,13,4,34,2.7,5,1,0,2,6,1,0,87,893,13:57,71,57,0,0
Dennis Wideman\widemde01,32,CGY,D,51,2,17,19,-9,30,2.1,0,2,0,0,11,6,0,75,1051,20:37,77,37,0,0
Patrick Wiercioch\wiercpa01,25,OTT,D,52,0,5,5,2,24,0.9,0,0,0,0,3,2,0,56,902,17:20,56,53,0,0
Justin Williams\williju01,34,WSH,RW,82,22,30,52,15,36,6.6,19,3,0,3,23,6,1,201,1366,16:39,43,32,57,52
Colin Wilson\wilsoco01,26,NSH,LW,64,6,18,24,-1,14,1.8,5,1,0,0,18,0,0,108,925,14:27,25,61,14,21
Garrett Wilson\wilsoga01,24,FLA,LW,29,0,0,0,-3,24,-0.6,0,0,0,0,0,0,0,28,272,9:22,4,75,0,1
Scott Wilson\wilsosc01,23,PIT,LW,24,5,1,6,0,12,0.8,5,0,0,1,1,0,0,39,256,10:41,6,38,0,0
Tom Wilson\wilsoto01,21,WSH,RW,82,7,16,23,3,163,1.7,7,0,0,1,14,1,1,99,1059,12:55,48,253,8,6
Tommy Wingels\wingeto01,27,SJS,C,68,7,11,18,-10,63,0.9,6,1,0,0,7,2,2,111,927,13:38,54,203,38,55
Daniel Winnik\winnida01,30,TOT,C,76,6,13,19,4,38,1.3,6,0,0,0,13,0,0,101,1042,13:43,46,53,8,12
James Wisniewski\wisnija01,31,CAR,D,1,0,0,0,0,0,0,0,0,0,0,0,0,0,0,1,0:47,0,1,0,0
Luke Witkowski\witkolu01,25,TBL,D,4,0,0,0,0,4,0,0,0,0,0,0,0,0,1,29,7:08,1,8,0,0
Miles Wood\woodmi01,20,NJD,LW,1,0,0,0,0,0,0,0,0,0,0,0,0,0,2,13,13:06,0,1,0,0
Brendan Woods\woodsbr01,23,CAR,LW,5,0,0,0,0,7,-0.1,0,0,0,0,0,0,0,5,44,8:42,0,3,0,1
Tyler Wotherspoon\wothety01,22,CGY,D,11,0,1,1,0,0,0.2,0,0,0,0,1,0,0,9,156,14:10,16,14,0,0
Nail Yakupov\yakupna01,22,EDM,RW,60,8,15,23,-16,24,1.5,7,1,0,1,10,5,0,127,853,14:13,21,54,0,1
Keith Yandle\yandlke01,29,NYR,D,82,5,42,47,-4,40,6.3,3,2,0,1,22,20,0,160,1637,19:58,68,43,0,0
Pavel Zacha\zachapa01,18,NJD,C,1,0,2,2,4,0,0.4,0,0,0,0,2,0,0,3,17,16:51,0,1,3,6
Nikita Zadorov\zadorni01,20,COL,D,22,0,2,2,-5,12,0.1,0,0,0,0,2,0,0,18,373,16:56,16,53,0,0
Travis Zajac\zajactr01,30,NJD,C,74,14,28,42,3,25,4.7,6,6,2,2,16,11,1,111,1469,19:51,41,65,715,672
Michael Zalewski\zalewmi01,23,VAN,LW,3,0,1,1,1,2,0.1,0,0,0,0,1,0,0,2,36,11:51,0,7,6,4
Henrik Zetterberg\zettehe01,35,DET,LW,82,13,37,50,-15,24,3.9,11,2,0,3,17,20,0,214,1592,19:25,26,54,539,536
Mika Zibanejad\zibanmi01,22,OTT,C,81,21,30,51,-2,18,5.5,17,2,2,7,21,9,0,184,1439,17:46,43,111,659,647
Marek Zidlicky\zidlima01,38,NYI,D,53,4,12,16,5,20,3.4,4,0,0,1,8,4,0,48,826,15:35,68,39,0,0
Harry Zolnierczyk\zolniha01,28,ANA,LW,1,0,0,0,-1,0,-0.1,0,0,0,0,0,0,0,1,9,8:48,0,3,0,0
Dainius Zubrus\zubruda01,37,SJS,C,50,3,4,7,4,20,0.4,3,0,0,0,4,0,0,33,579,11:35,15,68,15,12
Mats Zuccarello\zuccama01,28,NYR,RW,81,26,35,61,2,34,7.2,19,7,0,4,24,11,0,166,1497,18:29,69,88,5,6
Jason Zucker\zuckeja01,24,MIN,LW,71,13,10,23,-5,20,2.1,12,0,1,1,7,2,1,158,1106,15:35,33,83,1,1
